,,,,Redraft,,,Dynasty,Health Report,
Rank,Name,Team,Pos,Average,Underdog,Sleeper,Sleeper,Status,Injury
1,Jahmyr Gibbs,DET,RB,1.20,1.10,1.30,2.00,,
2,Bijan Robinson,ATL,RB,2.30,2.00,2.60,1.60,,
3,Ja'Marr Chase,CIN,WR,3.45,3.10,3.80,3.90,,
4,Puka Nacua,LAR,WR,4.10,4.20,4.00,4.30,Ques,Groin
6,Jaxon Smith-Njigba,SEA,WR,6.45,5.50,7.40,5.90,,
5,Christian McCaffrey,SF,RB,5.85,6.20,5.50,23.10,Ques,Undisclosed
8,Amon-Ra St. Brown,DET,WR,8.00,7.10,8.90,6.00,,
7,Jonathan Taylor,IND,RB,7.10,7.80,6.40,16.40,,
10,CeeDee Lamb,DAL,WR,9.95,9.80,10.10,13.00,,
9,James Cook,BUF,RB,9.25,10.10,8.40,19.60,,
11,Justin Jefferson,MIN,WR,11.20,11.10,11.30,8.40,,
12,Ashton Jeanty,LV,RB,12.00,12.00,12.00,7.50,,
13,Saquon Barkley,PHI,RB,13.50,13.70,13.30,32.40,,
17,Kenneth Walker,KC,RB,16.15,14.40,17.90,26.40,,
T14,Chase Brown,CIN,RB,15.85,14.80,16.90,29.10,,
16,Omarion Hampton,LAC,RB,16.00,16.50,15.50,15.80,,
18,Derrick Henry,BAL,RB,17.40,17.00,17.80,55.50,,
T14,De'Von Achane,MIA,RB,15.85,17.40,14.30,14.90,,
19,A.J. Brown,NE,WR,19.70,18.90,20.50,43.60,,
21,Brock Bowers,LV,TE,20.65,19.90,21.40,11.60,,
20,Drake London,ATL,WR,20.55,21.40,19.70,20.80,,
22,Nico Collins,HOU,WR,23.50,23.00,24.00,25.30,,
23,George Pickens,DAL,WR,24.80,23.30,26.30,22.90,,
27,Malik Nabers,NYG,WR,28.35,23.90,32.80,10.40,Ques,Knee - ACL
24,Jeremiyah Love,ARI,RB,25.40,25.80,25.00,12.90,Ques,Ankle
26,Rashee Rice,KC,WR,27.45,26.40,28.50,42.50,,
32,DeVonta Smith,PHI,WR,31.65,27.80,35.50,57.80,Ques,Hamstring
29,Breece Hall,NYJ,RB,29.55,28.30,30.80,35.30,,
25,Trey McBride,ARI,TE,26.05,29.80,22.30,17.60,,
38,Zay Flowers,BAL,WR,37.20,30.70,43.70,48.90,,
31,Chris Olave,NO,WR,31.45,31.00,31.90,31.70,,
35,Emeka Egbuka,TB,WR,35.75,31.60,39.90,24.50,Ques,Toe
28,Kyren Williams,LAR,RB,29.50,32.30,26.70,44.80,,
39,Ladd McConkey,LAC,WR,37.35,34.10,40.60,35.50,,
36,Tee Higgins,CIN,WR,36.10,35.00,37.20,53.60,,
33,Javonte Williams,DAL,RB,34.35,35.10,33.60,50.20,,
30,Josh Allen,BUF,QB,30.25,36.70,23.80,8.00,,
43,Jaylen Waddle,DEN,WR,43.60,38.40,48.80,65.40,Ques,Leg
37,Tetairoa McMillan,CAR,WR,37.00,39.50,34.50,21.90,,
40,Garrett Wilson,NYJ,WR,40.70,39.60,41.80,38.40,,
34,Josh Jacobs,GB,RB,35.30,41.40,29.20,52.10,Ques,Groin
42,Travis Etienne,NO,RB,42.20,42.20,42.20,62.40,,
41,Cam Skattebo,NYG,RB,41.05,43.60,38.50,49.10,,
44,Colston Loveland,CHI,TE,44.40,43.90,44.90,26.90,,
49,Luther Burden,CHI,WR,49.85,45.80,53.90,44.80,Ques,Groin
47,Terry McLaurin,WAS,WR,49.40,47.10,51.70,80.40,,
46,David Montgomery,HOU,RB,48.40,47.30,49.50,74.50,,
51,D'Andre Swift,CHI,RB,50.50,47.60,53.40,71.80,,
54,Mike Evans,SF,WR,54.75,49.20,60.30,96.20,,
56,Bhayshul Tuten,JAX,RB,55.10,50.80,59.40,67.50,,
55,Davante Adams,LAR,WR,55.00,51.70,58.30,85.80,,
53,Jameson Williams,DET,WR,54.35,51.80,56.90,66.70,,
50,Quinshon Judkins,CLE,RB,50.10,52.80,47.40,40.00,,
48,Bucky Irving,TB,RB,49.45,54.20,44.70,41.10,,
57,DJ Moore,BUF,WR,56.05,54.80,57.30,77.70,Ques,Lower Body
45,Lamar Jackson,BAL,QB,46.00,56.80,35.20,33.50,,
52,TreVeyon Henderson,NE,RB,51.65,57.10,46.20,28.60,,
64,Christian Watson,GB,WR,62.10,57.50,66.70,75.70,,
60,Rome Odunze,CHI,WR,60.30,58.30,62.30,46.00,,
67,Parker Washington,JAX,WR,68.20,58.50,77.90,86.50,,
63,Carnell Tate,TEN,WR,61.90,61.20,62.60,39.90,,
61,Jadarian Price,SEA,RB,61.50,62.00,61.00,60.20,Ques,Lower Body
58,Tyler Warren,IND,TE,56.20,62.30,50.10,37.80,,
66,Brian Thomas,JAX,WR,67.45,64.60,70.30,61.70,,
70,Jordyn Tyson,NO,WR,70.75,66.00,75.50,47.20,Ques,Hamstring
59,Drake Maye,NE,QB,59.60,67.10,52.10,17.40,,
71,Marvin Harrison,ARI,WR,71.15,68.30,74.00,58.50,,
62,Joe Burrow,CIN,QB,61.70,68.40,55.00,30.40,,
65,Jayden Daniels,WAS,QB,66.55,69.10,64.00,34.50,,
69,Jaylen Warren,PIT,RB,69.95,70.60,69.30,90.00,,
73,Rhamondre Stevenson,NE,RB,74.80,71.40,78.20,107.30,,
68,Jalen Hurts,PHI,QB,69.05,72.50,65.60,56.50,,
75,Caleb Williams,CHI,QB,76.50,73.30,79.70,51.50,,
88,Quentin Johnston,LAC,WR,88.40,74.60,102.20,98.50,,
74,DK Metcalf,PIT,WR,76.05,75.80,76.30,94.30,Ques,Undisclosed
77,Tony Pollard,TEN,RB,79.70,76.70,82.70,121.30,,
72,Tucker Kraft,GB,TE,72.60,78.20,67.00,59.90,Ques,Knee - ACL
92,Jayden Reed,GB,WR,91.80,79.80,103.80,123.60,,
85,Jonathon Brooks,CAR,RB,86.10,80.10,92.10,105.30,,
83,Dak Prescott,DAL,QB,85.50,81.10,89.90,111.80,,
79,Makai Lemon,PHI,WR,82.25,81.30,83.20,63.00,Ques,Hamstring
98,Josh Downs,IND,WR,96.80,81.40,112.20,119.20,Ques,Groin
78,Justin Herbert,LAC,QB,82.15,83.50,80.80,68.10,,
84,Courtland Sutton,DEN,WR,85.55,84.60,86.50,116.40,,
82,Rico Dowdle,PIT,RB,85.15,85.80,84.50,97.50,,
94,Trevor Lawrence,JAX,QB,91.90,86.00,97.80,87.30,,
81,RJ Harvey,DEN,RB,83.90,87.80,80.00,70.70,,
96,Chris Godwin,TB,WR,92.30,87.90,96.70,132.70,,
76,Sam LaPorta,DET,TE,78.80,89.30,68.30,64.50,,
89,Alec Pierce,IND,WR,89.90,90.00,89.80,84.60,PUP-P,Ankle
97,Jordan Addison,MIN,WR,94.25,90.10,98.40,79.30,,
91,Blake Corum,LAR,RB,90.85,90.60,91.10,93.20,,
90,Michael Wilson,ARI,WR,90.05,92.00,88.10,80.00,,
80,Chuba Hubbard,CAR,RB,83.65,93.40,73.90,89.80,Ques,Hamstring
95,J.K. Dobbins,DEN,RB,92.00,96.90,87.10,114.80,Ques,Undisclosed
101,Patrick Mahomes,KC,QB,101.15,97.20,105.10,76.80,Ques,Knee - ACL
93,Kyle Monangai,CHI,RB,91.85,98.40,85.30,78.40,,
100,Michael Pittman,PIT,WR,99.10,99.40,98.80,110.20,Ques,Leg
99,Jaxson Dart,NYG,QB,97.85,100.90,94.80,71.80,,
105,Brock Purdy,SF,QB,108.20,101.60,114.80,101.00,,
86,Harold Fannin,CLE,TE,86.50,102.00,71.00,53.30,,
114,Stefon Diggs,WAS,WR,113.20,102.50,123.90,164.00,,
87,Kyle Pitts,ATL,TE,87.20,103.20,71.20,69.20,,
104,Jordan Mason,MIN,RB,106.75,103.50,110.00,124.00,,
113,Xavier Worthy,KC,WR,112.95,104.60,121.30,115.10,Ques,Shoulder
116,Matthew Golden,GB,WR,114.90,104.80,125.00,98.60,,
112,Bo Nix,DEN,QB,111.90,107.60,116.20,82.70,,
109,Matthew Stafford,LAR,QB,109.65,108.30,111.00,151.30,,
103,Jacory Croskey-Merritt,WAS,RB,104.35,108.60,100.10,112.30,,
T107,Kenny Gainwell,TB,RB,109.25,109.30,109.20,126.00,,
119,Jared Goff,DET,QB,119.00,110.50,127.50,146.30,,
106,Wan'Dale Robinson,TEN,WR,109.20,111.20,107.20,92.10,,
115,Rachaad White,WAS,RB,114.40,113.60,115.20,137.10,,
134,Kyler Murray,MIN,QB,137.35,113.60,161.10,188.70,,
102,George Kittle,SF,TE,103.60,114.00,93.20,109.20,PUP-P,Achilles
T107,Jakobi Meyers,JAX,WR,109.25,114.40,104.10,133.50,,
129,Jordan Love,GB,QB,133.20,116.00,150.40,134.00,,
120,Romeo Doubs,NE,WR,120.60,118.50,122.70,128.30,,
117,KC Concepcion,CLE,WR,116.40,119.40,113.40,73.90,,
123,Jayden Higgins,HOU,WR,122.70,121.00,124.40,104.10,,
135,Baker Mayfield,TB,QB,137.75,121.50,154.00,131.20,,
111,Travis Kelce,KC,TE,111.75,122.40,101.10,143.60,,
110,Dalton Kincaid,BUF,TE,109.90,123.90,95.90,95.30,,
144,Tyler Shough,NO,QB,145.25,125.10,165.40,160.50,,
122,Isaiah Likely,NYG,TE,120.90,125.40,116.40,107.90,,
118,Aaron Jones,MIN,RB,116.80,126.90,106.70,159.90,,
130,Chris Rodriguez,JAX,RB,134.00,127.00,141.00,170.30,,
132,Deebo Samuel,SF,WR,135.45,127.10,143.80,170.90,,
133,Jalen Coker,CAR,WR,135.80,128.30,143.30,127.70,,
124,Mark Andrews,BAL,TE,124.35,130.40,118.30,150.90,,
138,De'Zhaun Stribling,SF,WR,139.45,130.70,148.20,142.40,,
126,Khalil Shakir,BUF,WR,130.50,131.00,130.00,139.70,,
146,Keaton Mitchell,LAC,RB,146.45,131.00,161.90,172.70,,
141,Rashid Shaheed,SEA,WR,142.85,133.10,152.60,148.80,,
121,Jake Ferguson,DAL,TE,120.65,133.70,107.60,103.60,,
125,Dallas Goedert,PHI,TE,127.85,134.90,120.80,158.10,,
159,Malik Willis,MIA,QB,161.45,135.60,187.30,208.00,,
128,Tyrone Tracy,NYG,RB,133.00,136.30,129.70,134.20,,
149,Denzel Boston,CLE,WR,149.10,140.50,157.70,106.10,,
143,Woody Marks,HOU,RB,144.40,141.20,147.60,125.20,,
152,Sam Darnold,SEA,QB,156.05,142.10,170.00,188.00,,
154,Chig Okonkwo,WAS,TE,158.80,143.80,173.80,163.50,,
164,C.J. Stroud,HOU,QB,168.35,146.00,190.70,143.90,,
167,Cam Ward,TEN,QB,171.60,146.30,196.90,157.90,,
156,Travis Hunter,JAX,WR,159.85,147.20,172.50,116.70,,
171,Daniel Jones,IND,QB,173.15,147.30,199.00,201.90,,
163,Jalen Nailor,LV,WR,167.20,147.50,186.90,190.20,,
150,Brenton Strange,JAX,TE,149.25,149.00,149.50,118.50,,
137,Tyler Allgeier,ARI,RB,138.65,149.30,128.00,120.20,,
158,Tank Bigsby,PHI,RB,161.20,151.60,170.80,152.70,,
148,Hunter Henry,NE,TE,147.45,152.00,142.90,195.60,,
161,Juwan Johnson,NO,TE,164.50,152.80,176.20,167.90,,
157,Omar Cooper,NYJ,WR,160.60,153.40,167.80,91.30,,
147,Jonah Coleman,DEN,RB,147.10,154.40,139.80,113.40,,
170,Jalen McMillan,TB,WR,172.85,154.70,191.00,149.00,Ques,Knee
177,Tre Tucker,LV,WR,179.90,157.20,202.60,213.70,,
155,Tyjae Spears,TEN,RB,159.15,157.50,160.80,156.60,,
142,Zach Charbonnet,SEA,RB,142.90,159.80,126.00,102.30,PUP-P,Knee - ACL
165,Jauan Jennings,MIN,WR,169.85,160.60,179.10,173.60,,
182,Tre' Harris,LAC,WR,185.60,161.30,209.90,165.10,,
192,Bryce Young,CAR,QB,192.85,161.70,224.00,194.10,,
153,Alvin Kamara,NO,RB,157.25,162.10,152.40,178.10,,
186,MarShawn Lloyd,GB,RB,188.60,162.50,214.70,243.00,,
200,Ryan Flournoy,DAL,WR,198.55,164.80,232.30,257.80,,
140,Oronde Gadsden,LAC,TE,142.45,165.30,119.60,88.60,,
166,Isiah Pacheco,DET,RB,171.40,165.50,177.30,161.70,Ques,Knee - MCL
176,Dalton Schultz,HOU,TE,178.15,168.20,188.10,206.80,,
199,Dontayvion Wicks,PHI,WR,198.15,169.30,227.00,245.90,,
174,T.J. Hockenson,MIN,TE,177.45,169.50,185.40,168.00,,
194,Jaydon Blue,DAL,RB,196.45,170.10,222.80,199.40,,
189,Adonai Mitchell,NYJ,WR,190.40,170.20,210.60,202.70,,
187,Terrance Ferguson,LAR,TE,188.90,172.70,205.10,175.90,,
195,Malik Washington,MIA,WR,196.55,174.70,218.40,211.80,,
162,Kenyon Sadiq,NYJ,TE,166.10,176.10,156.10,83.00,Ques,Abdomen
175,Dylan Sampson,CLE,RB,177.50,176.50,178.50,154.40,,
188,Isaac TeSlaa,DET,WR,190.30,176.60,204.00,176.90,,
168,AJ Barner,SEA,TE,171.65,177.30,166.00,141.10,,
178,Ja'Kobi Lane,BAL,WR,180.80,178.30,183.30,174.20,,
196,Pat Bryant,DEN,WR,197.15,179.00,215.30,181.20,,
205,Aaron Rodgers,PIT,QB,206.15,179.20,233.10,285.60,,
184,Tank Dell,HOU,WR,187.20,179.30,195.10,179.90,Ques,Knee - ACL + MCL
183,Zachariah Branch,ATL,WR,187.10,180.90,193.30,136.00,,
201,Cyrus Allen,KC,WR,199.45,183.60,215.30,244.90,,
169,Brian Robinson,ATL,RB,171.90,184.00,159.80,184.20,,
211,Greg Dulcich,MIA,TE,210.20,184.30,236.10,290.20,,
190,Fernando Mendoza,LV,QB,191.70,186.00,197.40,100.80,,
197,Ray Davis,BUF,RB,197.35,188.00,206.70,219.40,,
191,Mike Washington,LV,RB,192.60,188.00,197.20,155.10,,
204,Gunnar Helm,TEN,TE,205.35,189.10,221.60,177.00,,
283,Geno Smith,NYJ,QB,225.00,189.40,260.60,335.90,Ques,Ankle
193,Jerry Jeudy,CLE,WR,195.25,190.30,200.20,182.40,,
206,Cade Otton,TB,TE,207.70,191.90,223.50,249.20,,
214,Pat Freiermuth,PIT,TE,215.40,193.80,237.00,260.60,,
T285,Calvin Ridley,TEN,WR,226.35,195.70,257.00,296.50,,
275,Sean Tucker,TB,RB,219.10,197.50,240.70,224.50,,
276,Jacoby Brissett,ARI,QB,219.45,197.90,241.00,350.70,,
203,Kayshon Boutte,NE,WR,205.25,198.80,211.70,179.60,,
213,Ted Hurst,TB,WR,212.95,199.30,226.60,197.70,,
361,Caleb Douglas,MIA,WR,306.85,200.70,413.00,252.00,,
277,Germie Bernard,PIT,WR,219.90,200.80,239.00,130.90,,
291,Rashod Bateman,BAL,WR,231.75,201.10,262.40,291.70,,
272,Kimani Vidal,LAC,RB,216.85,203.30,230.40,183.40,,
198,Nicholas Singleton,TEN,RB,197.90,203.40,192.40,140.00,,
294,Keenan Allen,FA,WR,233.35,206.90,259.80,303.10,,
207,Antonio Williams,WAS,WR,208.00,207.40,208.60,166.10,,
298,Tua Tagovailoa,ATL,QB,236.20,207.60,264.80,343.90,,
293,Malachi Fields,NYG,WR,232.60,209.00,256.20,169.10,,
302,Mike Gesicki,CIN,TE,239.00,210.00,268.00,339.10,,
274,Kaelon Black,SF,RB,217.55,210.30,224.80,191.50,Ques,Thigh
303,Colby Parkinson,LAR,TE,240.20,210.60,269.80,299.90,,
278,Cooper Kupp,SEA,WR,220.20,210.80,229.60,262.50,,
202,Emmett Johnson,KC,RB,202.90,211.10,194.70,138.40,,
287,Darnell Mooney,NYG,WR,227.05,211.40,242.70,260.40,,
299,Keon Coleman,BUF,WR,236.45,212.00,260.90,217.50,Ques,Lower Body
436,George Holani,SEA,RB,351.85,212.10,491.60,344.10,,
209,Braelon Allen,NYJ,RB,209.30,212.10,206.50,152.80,,
282,David Njoku,LAC,TE,223.05,212.20,233.90,215.70,,
508,Evan Engram,DEN,TE,388.00,212.20,563.80,300.30,,
340,Darren Waller,CAR,TE,295.90,212.30,379.50,-,,
281,Kaytron Allen,WAS,RB,221.65,212.30,231.00,192.00,,
481,Tyquan Thornton,KC,WR,375.15,212.60,537.70,313.10,,
301,Tory Horton,SEA,WR,238.35,213.30,263.40,212.20,,
292,Justice Hill,BAL,RB,232.50,213.50,251.50,287.70,,
295,Shedeur Sanders,CLE,QB,233.45,213.70,253.20,258.70,,
296,Jordan James,SF,RB,234.55,213.90,255.20,226.00,Ques,Ribs
499,Devaughn Vele,NO,WR,383.20,213.90,552.50,304.40,,
503,Charlie Kolar,LAC,TE,385.60,214.00,557.20,428.00,,
280,Demond Claiborne,MIN,RB,221.40,214.20,228.60,204.20,,
396,Carson Beck,ARI,QB,330.35,214.30,446.40,209.70,Ques,Ribs
T285,Eli Stowers,PHI,TE,226.35,214.30,238.40,122.50,,
273,Chris Bell,MIA,WR,217.00,214.40,219.60,147.40,NFI-A,Knee - ACL
512,Michael Mayer,LV,TE,390.20,214.70,565.70,269.80,,
305,Troy Franklin,DEN,WR,240.65,214.70,266.60,193.10,,
300,Elijah Sarratt,BAL,WR,236.65,214.70,258.60,145.90,,
208,James Conner,ARI,RB,208.20,214.80,201.60,222.80,Ques,Foot
398,Seth McGowan,IND,RB,331.80,214.90,448.70,254.40,,
438,Eli Raridon,NE,TE,352.15,214.90,489.40,250.50,,
480,Jack Bech,LV,WR,374.35,214.90,533.80,251.00,,
413,Kirk Cousins,LV,QB,340.45,215.00,465.90,336.30,,
288,Jake Tonges,SF,TE,229.00,215.10,242.90,224.60,,
525,Andrei Iosivas,CIN,WR,398.55,215.10,582.00,338.80,,
497,Xavier Legette,CAR,WR,382.10,215.20,549.00,268.50,,
465,Samaje Perine,CIN,RB,365.45,215.20,515.70,393.40,,
210,Tyreek Hill,FA,WR,209.55,215.30,203.80,223.80,Ques,Knee - ACL
440,Darnell Washington,PIT,TE,354.05,215.30,492.80,331.10,,
284,Jaylen Wright,MIA,RB,225.25,215.30,235.20,218.20,,
297,Jaylin Noel,HOU,WR,234.95,215.40,254.50,206.60,,
461,Deshaun Watson,CLE,QB,364.05,215.40,512.70,392.50,,
495,LeQuint Allen,JAX,RB,381.05,215.50,546.60,270.00,,
502,Michael Penix,ATL,QB,384.55,215.50,553.60,248.10,Ques,Knee - ACL
505,Christian Kirk,SF,WR,385.80,215.60,556.00,307.30,Ques,Calf
435,Mason Taylor,NYJ,TE,351.60,215.60,487.60,186.30,,
384,Malik Benson,LV,WR,323.55,215.60,431.50,340.80,,
509,DeMario Douglas,NE,WR,388.30,215.60,561.00,318.40,,
511,Jahan Dotson,ATL,WR,389.30,215.70,562.90,305.80,,
507,Elic Ayomanor,TEN,WR,387.35,215.70,559.00,210.20,,
472,Erick All,CIN,TE,369.35,215.70,523.00,370.00,,
458,Zavion Thomas,CHI,WR,362.55,215.70,509.40,288.00,Ques,Knee
490,Darius Slayton,NYG,WR,379.80,215.80,543.80,402.70,,
535,Roman Wilson,PIT,WR,402.70,215.80,589.60,407.00,,
377,Joshua Palmer,BUF,WR,321.55,215.80,427.30,469.30,,
402,Elijah Arroyo,SEA,TE,333.40,215.80,451.00,246.50,,
289,Theo Johnson,NYG,TE,230.10,215.80,244.40,220.40,,
464,Skyler Bell,BUF,WR,365.25,215.80,514.70,196.20,Ques,Lower Body
390,Adam Randall,BAL,RB,326.95,215.80,438.10,215.20,,
423,Emari Demercado,KC,RB,345.95,215.80,476.10,388.10,,
415,Ollie Gordon,MIA,RB,341.10,215.80,466.40,203.90,,
468,DJ Giddens,IND,RB,367.60,215.90,519.30,259.40,Ques,Hamstring
496,Najee Harris,FA,RB,381.55,215.90,547.20,314.20,Ques,Achilles
487,Kareem Hunt,FA,RB,377.45,215.90,539.00,-,,
544,Khalil Herbert,SF,RB,408.70,215.90,601.50,484.00,,
518,Malik Davis,DAL,RB,393.50,215.90,571.10,384.80,,
479,J.J. McCarthy,MIN,QB,373.45,215.90,531.00,295.10,,
387,Isaiah Bond,CLE,WR,324.95,215.90,434.00,271.50,,
386,Odell Beckham,NYG,WR,324.85,215.90,433.80,399.60,,
527,Tutu Atwell,MIA,WR,399.85,215.90,583.80,491.00,,
306,Brandon Aiyuk,SF,WR,241.80,215.90,267.70,198.00,Reserve-DNR,Knee - ACL + MCL
530,Cole Kmet,CHI,TE,401.25,215.90,586.60,348.60,,
408,Dawson Knox,BUF,TE,336.30,215.90,456.70,498.80,,
215,Darius Cooper,PHI,WR,215.90,215.90,-,439.90,,
431,Chimere Dike,TEN,WR,349.95,215.90,484.00,205.10,,
T367,Kendrick Bourne,ARI,WR,316.50,215.90,417.10,425.00,,
446,Barion Brown,NO,WR,357.35,215.90,498.80,320.20,,
433,Hollywood Brown,PHI,WR,350.95,215.90,486.00,351.00,,
304,Emanuel Wilson,SEA,RB,240.50,215.90,265.10,214.70,,
470,Marvin Mims,DEN,WR,368.75,215.90,521.60,301.80,Ques,Undisclosed
559,Demarcus Robinson,SF,WR,424.95,215.90,634.00,-,,
379,Kalif Raymond,CHI,WR,322.20,215.90,428.50,-,,
474,Tez Johnson,TB,WR,370.60,215.90,525.30,308.90,Ques,Groin
395,Bryce Lance,NO,WR,330.05,215.90,444.20,266.20,Ques,Undisclosed
405,Savion Williams,GB,WR,335.40,215.90,454.90,368.70,,
549,Jordan Whittington,LAR,WR,411.95,215.90,608.00,426.00,,
427,Colbie Young,CIN,WR,347.95,215.90,480.00,375.80,,
426,Brenen Thompson,LAC,WR,347.85,215.90,479.80,253.80,,
418,Jalen Tolbert,MIA,WR,341.90,215.90,467.90,523.80,,
T513,KaVontae Turpin,DAL,WR,391.25,215.90,566.60,377.70,,
447,Jahdae Walker,CHI,WR,357.85,215.90,499.80,524.00,,
522,Dont'e Thornton,LV,WR,397.65,216.00,579.30,316.40,,
T216,Marquez Valdes-Scantling,DAL,WR,216.00,216.00,-,-,Ques,Knee
348,JuJu Smith-Schuster,NYG,WR,301.35,216.00,386.70,-,Ques,Knee
T216,Trent Sherfield,BUF,WR,216.00,216.00,-,-,,
357,Devontez Walker,BAL,WR,305.25,216.00,394.50,-,,
T216,Jordan Watkins,SF,WR,216.00,216.00,-,-,,
T216,Nick Westbrook-Ikhine,IND,WR,216.00,216.00,-,434.00,,
T216,Jared Wayne,HOU,WR,216.00,216.00,-,-,,
359,Theo Wease,MIA,WR,305.85,216.00,395.70,487.30,,
T216,Kaden Wetjen,PIT,WR,216.00,216.00,-,-,Ques,Undisclosed
515,Kyle Williams,NE,WR,392.05,216.00,568.10,263.60,,
T216,Isaiah Williams,NYJ,WR,216.00,216.00,-,-,,
T216,Cedrick Wilson,DET,WR,216.00,216.00,-,-,,
374,Olamide Zaccheaus,ATL,WR,320.85,216.00,425.70,-,,
380,Luke McCaffrey,WAS,WR,322.65,216.00,429.30,508.50,,
T216,KeAndre Lambert-Smith,LAC,WR,216.00,216.00,-,-,,
337,Ray-Ray McCloud,CHI,WR,294.50,216.00,373.00,-,,
T400,Jaylin Lane,WAS,WR,333.00,216.00,450.00,-,,
T216,Xavier Hutchinson,HOU,WR,216.00,216.00,-,-,,
T216,Xavier Restrepo,TEN,WR,216.00,216.00,-,-,,
370,Jalen Royals,KC,WR,317.50,216.00,419.00,317.90,,
T216,Konata Mumpfield,LAR,WR,216.00,216.00,-,406.60,,
T216,A.T. Perry,FA,WR,216.00,216.00,-,-,,
345,John Metchie,CAR,WR,299.25,216.00,382.50,472.70,,
T216,Jordan Moore,CIN,WR,216.00,216.00,-,-,,
310,Skyy Moore,GB,WR,248.50,216.00,281.00,451.50,,
T216,Mo Alie-Cox,IND,TE,216.00,216.00,-,-,,
466,Zamir White,SF,RB,367.00,216.00,518.00,-,,
312,Sione Vaki,DET,RB,262.50,216.00,309.00,572.80,Ques,Nose
520,Devin Singletary,NYG,RB,395.50,216.00,575.00,515.30,,
T216,J'Mari Taylor,JAX,RB,216.00,216.00,-,255.20,,
T216,Jabari Small,DET,RB,216.00,216.00,-,-,,
T216,Jacob Saylors,DET,RB,216.00,216.00,-,-,Ques,Ankle
483,Brashard Smith,KC,RB,375.45,216.00,534.90,267.20,,
T216,Pierre Strong,GB,RB,216.00,216.00,-,-,,
524,Justin Joly,DEN,TE,398.30,216.00,580.60,294.80,,
T216,Jack Endries,CIN,TE,216.00,216.00,-,312.90,,
550,Taysom Hill,FA,TE,412.90,216.00,609.80,480.00,,
T216,Brevin Jordan,HOU,TE,216.00,216.00,-,-,Ques,Knee
425,Matthew Hibner,BAL,TE,347.25,216.00,478.50,361.40,,
381,Tyler Higbee,LAR,TE,323.40,216.00,430.80,-,,
536,Noah Gray,KC,TE,403.55,216.00,591.10,337.80,,
T363,Nate Boerkircher,JAX,TE,310.00,216.00,404.00,395.20,,
489,Oscar Delp,NO,TE,378.80,216.00,541.60,247.30,,
373,Zach Ertz,FA,TE,320.00,216.00,424.00,-,,
T216,Noah Fant,NO,TE,216.00,216.00,-,-,,
T216,Mitchell Evans,CAR,TE,216.00,216.00,-,-,,
T216,DeAndre Carter,FA,WR,216.00,216.00,-,-,,
T216,Joshua Cephus,FA,WR,216.00,216.00,-,-,,
561,Deion Burks,IND,WR,426.50,216.00,637.00,309.70,,
355,Treylon Burks,WAS,WR,304.50,216.00,393.00,404.90,,
T216,Jalen Brooks,ARI,WR,216.00,216.00,-,-,,
T216,Noah Brown,FA,WR,216.00,216.00,-,-,Ques,Ribs
443,Chris Brazzell,CAR,WR,355.10,216.00,494.20,200.90,IR,Knee
542,CJ Daniels,LAR,WR,407.75,216.00,599.50,289.20,,
406,Kevin Coleman,MIA,WR,335.75,216.00,455.50,256.30,Ques,Undisclosed
311,Efton Chism,NE,WR,261.50,216.00,307.00,564.50,,
T216,Jacob Cowing,SF,WR,216.00,216.00,-,-,,
354,Greg Dortch,DET,WR,303.50,216.00,391.00,419.00,,
T216,Emmanuel Henderson,SEA,WR,216.00,216.00,-,492.20,,
T216,KJ Hamler,FA,WR,216.00,216.00,-,-,,
551,Mack Hollins,NE,WR,415.00,216.00,614.00,503.20,,
T216,DeAndre Hopkins,FA,WR,216.00,216.00,-,-,,
347,Jimmy Horn,CAR,WR,300.65,216.00,385.30,476.50,,
T216,Ashton Dulin,IND,WR,216.00,216.00,-,-,,
T216,Tai Felton,MIN,WR,216.00,216.00,-,431.70,,
484,Max Klare,LAR,TE,375.85,216.00,535.70,221.10,,
339,Marlin Klein,HOU,TE,295.40,216.00,374.80,382.30,,
476,Zack Kuntz,DAL,TE,371.15,216.00,526.30,540.00,,
419,Luke Musgrave,GB,TE,342.60,216.00,469.20,565.20,PUP-P,Neck
T216,Tanner Koziol,JAX,TE,216.00,216.00,-,352.80,,
T216,Josh Oliver,MIN,TE,216.00,216.00,-,-,,
455,Ja'Tavion Sanders,CAR,TE,361.75,216.00,507.50,311.90,,
422,Sam Roush,CHI,TE,345.90,216.00,475.80,397.30,,
T216,Jonnu Smith,FA,TE,216.00,216.00,-,-,,
533,Calvin Austin,NYG,WR,402.25,216.00,588.50,-,,
T216,Robert Tonyan,PIT,TE,216.00,216.00,-,-,,
T216,Luke Schoonmaker,DAL,TE,216.00,216.00,-,-,,
562,Ben Sinnott,WAS,TE,427.25,216.00,638.50,354.30,,
T216,Adam Trautman,DEN,TE,216.00,216.00,-,-,,
T216,Tommy Tremble,CAR,TE,216.00,216.00,-,-,,
449,Michael Trigg,DAL,TE,358.80,216.00,501.60,292.80,,
313,Brock Wright,DET,TE,264.50,216.00,313.00,-,,
T216,Treyton Welch,NO,TE,216.00,216.00,-,-,,
521,Tanner McKee,PHI,QB,396.00,216.00,576.00,494.30,,
T216,Marcus Mariota,WAS,QB,216.00,216.00,-,476.50,Ques,Knee
488,Mac Jones,SF,QB,377.75,216.00,539.50,381.80,,
454,Haynes King,CAR,QB,361.25,216.00,506.50,456.50,Ques,Hamstring
376,Cade Klubnik,NYJ,QB,321.45,216.00,426.90,305.50,,
T513,Riley Leonard,IND,QB,391.25,216.00,566.50,394.60,,
T216,Tyler Huntley,BAL,QB,216.00,216.00,-,482.00,,
328,Will Howard,PIT,QB,286.50,216.00,357.00,326.20,,
492,Justin Fields,KC,QB,380.20,216.00,544.40,345.20,,
T216,Dillon Gabriel,CLE,QB,216.00,216.00,-,-,,
457,Taylen Green,CLE,QB,362.40,216.00,508.80,379.90,,
493,Drew Allar,PIT,QB,380.70,216.00,545.40,296.10,,
517,Joe Flacco,CIN,QB,392.95,216.00,569.90,-,,
560,Kyle Allen,BUF,QB,425.50,216.00,635.00,-,,
T216,Tyson Bagent,CHI,QB,216.00,216.00,-,548.00,,
323,Kyle Juszczyk,SF,FB,279.50,216.00,343.00,566.00,Ques,Finger
T382,Davis Mills,HOU,QB,323.50,216.00,431.00,-,,
T216,Jalen Milroe,SEA,QB,216.00,216.00,-,293.80,,
T216,Joe Milton,DAL,QB,216.00,216.00,-,466.70,,
529,Anthony Richardson,IND,QB,400.20,216.00,584.40,349.10,,
T546,Jack Strand,ATL,QB,410.00,216.00,604.00,576.00,,
460,Ty Simpson,LAR,QB,363.45,216.00,510.90,187.50,,
T216,Rasheen Ali,BAL,RB,216.00,216.00,-,-,,
290,Trey Benson,ARI,RB,230.80,216.00,245.60,161.10,Ques,Knee
444,Tahj Brooks,CIN,RB,355.30,216.00,494.60,386.90,,
T216,Carson Wentz,MIN,QB,216.00,216.00,-,-,,
T216,Salvon Ahmed,CHI,RB,216.00,216.00,-,-,,
519,Israel Abanikanda,DAL,RB,394.40,216.00,572.80,563.00,,
351,Jameis Winston,NYG,QB,302.35,216.00,388.70,431.00,,
555,AJ Dillon,CAR,RB,419.00,216.00,622.00,488.00,,
358,Trevor Etienne,CAR,RB,305.50,216.00,395.00,302.10,,
352,Austin Ekeler,FA,RB,303.00,216.00,390.00,473.30,,
528,Jerome Ford,WAS,RB,400.05,216.00,584.10,543.50,,
451,Chris Brooks,GB,RB,359.45,216.00,502.90,373.40,,
333,Nick Chubb,FA,RB,291.15,216.00,366.30,420.00,,
T216,Nathan Carter,ATL,RB,216.00,216.00,-,-,,
T216,Darrell Henderson,FA,RB,216.00,216.00,-,-,,
532,Jarquez Hunter,LAR,RB,401.55,216.00,587.10,412.40,,
539,Isaiah Davis,NYJ,RB,405.95,216.00,595.90,298.60,Ques,Knee
543,Eli Heidenreich,PIT,RB,408.00,216.00,600.00,264.70,,
T216,Isaac Guerendo,SF,RB,216.00,216.00,-,486.00,PUP-P,Pectoral
478,Devin Neal,NO,RB,372.05,216.00,528.10,227.20,Ques,Hamstring
T216,Jam Miller,NE,RB,216.00,216.00,-,265.00,,
498,Kendre Miller,NO,RB,382.30,216.00,548.60,356.40,Ques,Back
307,Kaleb Johnson,PIT,RB,242.80,216.00,269.60,185.60,,
360,Jawhar Jordan,HOU,RB,306.75,216.00,397.50,-,Ques,Hip
T410,Roschon Johnson,CHI,RB,338.00,216.00,460.00,-,,
429,Ty Johnson,BUF,RB,349.20,216.00,482.40,571.80,Ques,Knee
504,Phil Mafah,DAL,RB,385.65,216.00,555.30,359.80,Ques,Chest
553,Sincere McCormick,SF,RB,418.25,216.00,620.50,-,,
T216,Jaleel McLaughlin,DEN,RB,216.00,216.00,-,-,,
T216,Riley Nowakowski,PIT,FB,216.00,216.00,-,-,,
T636,Zach Ojile,FA,FB,-,-,-,-,,
T636,Jamize Olawale,FA,FB,-,-,-,-,,
T636,Ricky Ortiz,FA,FB,-,-,-,-,,
T636,Robbie Ouzts,SEA,FB,-,-,-,-,IR,Neck
T636,Derek Parish,FA,FB,-,-,-,-,,
T636,Henry Pearson,FA,FB,-,-,-,-,,
T636,Elijhaa Penny,FA,FB,-,-,-,-,,
T636,Henry Poggi,FA,FB,-,-,-,-,,
322,Monte Pottebaum,FA,FB,279.00,-,279.00,-,,
T636,Adam Prentice,DEN,FB,-,-,-,-,,
T636,Paul Quessenberry,FA,FB,-,-,-,-,,
T636,Nick Ralston,FA,FB,-,-,-,-,,
T636,Bronson Rechsteiner,FA,FB,-,-,-,-,,
T636,Patrick Ricard,NYG,FB,-,-,-,-,,
T636,Brady Russell,SEA,FB,-,-,-,-,,
T636,Lucas Scott,BAL,FB,-,-,-,-,,
T636,Connor Slomka,FA,FB,-,-,-,-,,
T636,Sutton Smith,FA,FB,-,-,-,-,,
T636,Alstevis Squirewell,FA,FB,-,-,-,-,,
T636,Johnny Stanton,FA,FB,-,-,-,-,,
T636,Wesley Steiner,FA,FB,-,-,-,-,,
T636,Mason Stokke,FA,FB,-,-,-,-,,
T636,Chris Swain,FA,FB,-,-,-,-,,
T636,Carl Tucker,FA,FB,-,-,-,-,,
T636,Soma Vainuku,FA,FB,-,-,-,-,,
T636,Ben VanSumeren,BUF,FB,-,-,-,-,,
T636,Jack Westover,NE,FB,-,-,-,-,,
T636,Eli Wilson,FA,FB,-,-,-,-,,
T636,Ryan Yurachek,FA,FB,-,-,-,-,,
T636,Corey Acosta,FA,K,-,-,-,-,,
T636,Ramiz Ahmed,FA,K,-,-,-,-,,
T636,Matt Ammendola,FA,K,-,-,-,-,,
T636,Phillip Andersen,FA,K,-,-,-,-,,
127,Brandon Aubrey,DAL,K,131.20,-,131.20,229.60,,
T636,Michael Badgley,FA,K,-,-,-,-,,
579,Dan Bailey,FA,K,471.80,-,471.80,272.50,,
T636,John Baron,FA,K,-,-,-,-,,
584,Tyler Bass,BUF,K,488.10,-,488.10,323.20,,
160,Jake Bates,DET,K,163.50,-,163.50,278.40,,
T636,Taylor Bertolet,FA,K,-,-,-,-,,
334,Rodrigo Blankenship,FA,K,292.00,-,292.00,-,,
T636,Chris Blewitt,FA,K,-,-,-,-,,
173,Andy Borregales,NE,K,175.00,-,175.00,329.80,,
T636,Jose Borregales,FA,K,-,-,-,467.30,,
180,Chris Boswell,PIT,K,182.90,-,182.90,275.20,,
T636,Gabe Brkic,FA,K,-,-,-,435.30,,
T636,Jonathan Brown,FA,K,-,-,-,-,,
471,Tanner Brown,NO,K,369.00,-,369.00,-,,
T636,Randy Bullock,FA,K,-,-,-,-,,
185,Harrison Butker,KC,K,188.40,-,188.40,332.70,,
T636,Anders Carlson,FA,K,-,-,-,-,,
366,Daniel Carlson,FA,K,315.00,-,315.00,-,,
T636,Sergio Castillo,FA,K,-,-,-,-,,
T636,Ryan Coe,FA,K,-,-,-,-,,
T636,Caden Davis,FA,K,-,-,-,-,,
131,Cameron Dicker,LAC,K,135.00,-,135.00,233.00,,
T636,Luke Drzewiecki,FA,K,-,-,-,-,,
T636,Christopher Dunn,FA,K,-,-,-,-,,
T636,Dominik Eberle,FA,K,-,-,-,-,,
565,Jake Elliott,PHI,K,437.10,-,437.10,521.50,,
139,Ka'imi Fairbairn,HOU,K,140.90,-,140.90,237.10,,
T636,Will Ferrin,FA,K,-,-,-,-,,
T636,Sam Ficken,FA,K,-,-,-,-,,
467,Ryan Fitzgerald,CAR,K,367.40,-,367.40,444.90,,
569,Nick Folk,ATL,K,445.80,-,445.80,460.40,,
332,Kai Forbath,FA,K,291.00,-,291.00,-,,
T636,Chris Freeman,FA,K,-,-,-,-,,
T636,Elliott Fry,FA,K,-,-,-,-,,
T636,Graham Gano,FA,K,-,-,-,-,Ques,Neck
T636,Jonathan Garibay,FA,K,-,-,-,368.80,,
558,Matt Gay,LV,K,422.20,-,422.20,371.20,,
T636,Zane Gonzalez,MIA,K,-,-,-,-,IR,Undisclosed
552,Blake Grupe,IND,K,416.50,-,416.50,443.30,,
T636,Lirim Hajrullahu,FA,K,-,-,-,-,,
T636,Alex Hale,FA,K,-,-,-,-,,
T636,Clayton Hatfield,FA,K,-,-,-,-,,
T636,Blake Haubeil,FA,K,-,-,-,436.50,,
T636,Lucas Havrisik,FA,K,-,-,-,362.40,,
T636,Cole Hedlund,FA,K,-,-,-,-,,
T636,Dustin Hopkins,FA,K,-,-,-,-,,
T636,John Hoyland,FA,K,-,-,-,-,,
T636,Brian Johnson,FA,K,-,-,-,449.60,,
T636,Greg Joseph,FA,K,-,-,-,-,,
T636,Joshua Karty,FA,K,-,-,-,-,,
T636,Alex Kessman,FA,K,-,-,-,455.50,,
T636,Jonathan Kim,FA,K,-,-,-,-,,
439,Younghoe Koo,FA,K,353.50,-,353.50,-,,
T636,Lenny Krieg,FA,K,-,-,-,-,,
T636,Josh Lambo,FA,K,-,-,-,-,,
145,Cam Little,JAX,K,145.30,-,145.30,235.30,,
181,Tyler Loop,BAL,K,184.40,-,184.40,280.20,,
T636,John Lunsford,FA,K,-,-,-,-,,
588,Wil Lutz,DEN,K,505.60,-,505.60,321.10,,
T636,Austin MacGinnis,FA,K,-,-,-,-,,
T636,Brett Maher,FA,K,-,-,-,-,,
T636,Laith Marjan,PIT,K,-,-,-,-,,
T636,David Marvin,FA,K,-,-,-,-,,
T636,Kansei Matsuzawa,LV,K,-,-,-,-,,
T636,Jude McAtamney,FA,K,-,-,-,-,,
T636,Tucker McCann,FA,K,-,-,-,-,,
619,James McCourt,FA,K,611.00,-,611.00,463.60,,
T636,Matt McCrane,FA,K,-,-,-,-,,
308,Chase McLaughlin,TB,K,246.60,-,246.60,283.70,,
341,Brandon McManus,FA,K,296.00,-,296.00,-,,
T636,Mark McNamee,FA,K,-,-,-,-,,
212,Evan McPherson,CIN,K,212.40,-,212.40,240.60,,
T630,Andrew Mevis,FA,K,629.50,-,629.50,364.10,,
151,Harrison Mevis,LAR,K,155.00,-,155.00,328.20,,
T636,Mike Meyer,FA,K,-,-,-,-,,
T636,JJ Molson,FA,K,-,-,-,-,,
445,Jake Moody,WAS,K,356.40,-,356.40,-,,
T636,Trevor Moore,FA,K,-,-,-,-,,
T636,Cole Murphy,FA,K,-,-,-,-,,
136,Jason Myers,SEA,K,138.20,-,138.20,238.00,,
592,Chris Naggar,FA,K,517.00,-,517.00,389.30,,
T636,Brayden Narveson,FA,K,-,-,-,-,,
628,Quinn Nordin,FA,K,627.00,-,627.00,448.00,,
T636,Mike Nugent,FA,K,-,-,-,-,,
T636,Cody Parkey,FA,K,-,-,-,-,,
581,Riley Patterson,MIA,K,473.50,-,473.50,366.80,,
172,Eddy Pineiro,SF,K,174.30,-,174.30,286.90,,
T636,Gabriel Plascencia,FA,K,-,-,-,-,,
T636,Jack Podlesny,FA,K,-,-,-,-,,
T636,B.T. Potter,TB,K,-,-,-,-,,
T636,Matt Prater,FA,K,-,-,-,-,,
389,Alex Quevedo,FA,K,326.00,-,326.00,-,,
179,Will Reichard,MIN,K,181.70,-,181.70,274.80,,
T636,Justin Rohrwasser,FA,K,-,-,-,-,,
T636,Parker Romo,FA,K,-,-,-,445.30,,
T636,Aldrick Rosas,FA,K,-,-,-,-,,
T636,Taylor Russolino,FA,K,-,-,-,479.00,,
578,Chad Ryland,ARI,K,470.00,-,470.00,-,,
613,Jason Sanders,NYJ,K,597.50,-,597.50,553.50,,
309,Cairo Santos,CHI,K,247.80,-,247.80,376.80,,
T636,Ryan Santoso,FA,K,-,-,-,-,,
T636,Ben Sauls,NYG,K,-,-,-,-,,
T636,Nick Sciba,FA,K,-,-,-,363.00,,
T636,Austin Seibert,FA,K,-,-,-,-,,
T636,Mason Shipley,FA,K,-,-,-,-,,
432,Spencer Shrader,IND,K,350.00,-,350.00,413.00,,
T636,Caleb Shudak,FA,K,-,-,-,438.20,,
T636,Sam Sloman,FA,K,-,-,-,-,,
582,Joey Slye,TEN,K,476.30,-,476.30,457.50,,
537,Trey Smack,GB,K,403.70,-,403.70,322.00,,
556,Charlie Smyth,NO,K,420.50,-,420.50,453.80,,
T636,Drew Stevens,WAS,K,-,-,-,446.50,,
T636,Ryan Succop,FA,K,-,-,-,-,,
353,Andre Szmyt,CLE,K,303.30,-,303.30,574.00,,
T636,Matthew Trickett,FA,K,-,-,-,-,,
T636,Maddux Trujillo,FA,K,-,-,-,-,,
392,Justin Tucker,FA,K,328.50,-,328.50,427.50,,
T636,James Turner,FA,K,-,-,-,-,,
T636,Kaare Vedvik,FA,K,-,-,-,-,,
T636,Jake Verity,FA,K,-,-,-,359.80,,
T636,Tristan Vizcaino,FA,K,-,-,-,-,,
T636,Nick Vogel,FA,K,-,-,-,-,,
T636,Parker White,FA,K,-,-,-,358.10,,
335,Trey Wolff,FA,K,293.00,-,293.00,-,,
T636,Matthew Wright,FA,K,-,-,-,-,,
T636,Cade York,NYJ,K,-,-,-,330.50,,
T636,Greg Zuerlein,FA,K,-,-,-,-,Ques,Knee
534,Dominic Zvada,NYG,K,402.50,-,402.50,458.10,,
T636,Yasir Abdullah,JAX,LB,-,-,-,-,,
T636,Matthew Adams,FA,LB,-,-,-,-,,
T636,Mitchell Agude,FA,LB,-,-,-,-,,
T636,Austin Ajiake,IND,LB,-,-,-,-,,
T636,Azeez Al-Shaair,HOU,LB,-,-,-,-,,
T636,Christian Albright,FA,LB,-,-,-,-,,
T636,Jaylan Alexander,FA,LB,-,-,-,-,,
T636,Kwon Alexander,FA,LB,-,-,-,-,,
T636,CJ Allen,IND,LB,-,-,-,-,Ques,Hamstring
T636,Dakota Allen,FA,LB,-,-,-,-,,
T636,Troy Andersen,FA,LB,-,-,-,-,Ques,Knee
T636,Liam Anderson,CIN,LB,-,-,-,-,,
T636,Joe Andreessen,BUF,LB,-,-,-,-,,
T636,Andrew Ankrah,FA,LB,-,-,-,-,,
T636,Alex Anzalone,TB,LB,-,-,-,-,,
T636,Kam Arnold,KC,LB,-,-,-,-,,
T636,Brian Asamoah,FA,LB,-,-,-,-,Ques,Knee
T636,Eugene Asante,ARI,LB,-,-,-,-,,
T636,C. J. Avery,FA,LB,-,-,-,-,,
T636,Joe Bachie,DET,LB,-,-,-,-,,
T636,Levelle Bailey,DEN,LB,-,-,-,-,Ques,Leg
T636,Markus Bailey,FA,LB,-,-,-,-,,
T636,Wesley Bailey,LAR,LB,-,-,-,-,,
T636,Rueben Bain,TB,LB,-,-,-,-,,
T636,Jerome Baker,FA,LB,-,-,-,-,,
T636,Keshawn Banks,ATL,LB,-,-,-,-,,
T636,Shad Banks,FA,LB,-,-,-,-,Ques,Undisclosed
T636,Jaishawn Barham,DAL,LB,-,-,-,-,Ques,Groin
T636,Derrick Barnes,DET,LB,-,-,-,-,,
T636,Krys Barnes,FA,LB,-,-,-,-,,
T636,Zaire Barnes,NYG,LB,-,-,-,-,,
T636,Amare Barno,FA,LB,-,-,-,-,Ques,Knee
T636,Michael Barrett,FA,LB,-,-,-,-,,
T636,Shaquil Barrett,FA,LB,-,-,-,-,,
T636,Justin Barron,DAL,LB,-,-,-,-,,
T636,Jared Bartlett,JAX,LB,-,-,-,-,IR,Leg
T636,Cody Barton,TEN,LB,-,-,-,-,,
T636,Lander Barton,LAC,LB,-,-,-,-,,
T636,Boogie Basham,FA,LB,-,-,-,-,,
T636,Jeffrey Bassa,KC,LB,-,-,-,-,Ques,Groin
T636,Tyler Batty,MIN,LB,-,-,-,-,,
T636,Zack Baun,PHI,LB,-,-,-,-,,
T636,Quinton Bell,SF,LB,-,-,-,-,,
T636,Nick Bellore,WAS,LB,-,-,-,-,Reserve-Ret,Personal
T636,Ja'Whaun Bentley,FA,LB,-,-,-,-,,
T636,Terrel Bernard,BUF,LB,-,-,-,-,,
T636,JD Bertrand,ATL,LB,-,-,-,-,,
T636,Tatum Bethune,SF,LB,-,-,-,-,,
T636,Ezekiel Bigger,FA,LB,-,-,-,-,,
T636,Wesley Bissainthe,KC,LB,-,-,-,-,,
T636,Kendrick Blackshire,FA,LB,-,-,-,-,,
T636,Chris Board,FA,LB,-,-,-,-,Ques,Chest
T636,Bryce Boettcher,IND,LB,-,-,-,-,,
T636,Curtis Bolton,FA,LB,-,-,-,-,,
T636,Nick Bolton,KC,LB,-,-,-,-,,
T636,Nik Bonitto,DEN,LB,-,-,-,-,,
T636,Jordan Botelho,FA,LB,-,-,-,-,,
T636,Tyus Bowser,FA,LB,-,-,-,-,,
T636,Swayze Bozeman,CIN,LB,-,-,-,-,,
T636,Nigel Bradham,FA,LB,-,-,-,-,,
T636,William Bradley-King,FA,LB,-,-,-,-,Ques,Undisclosed
T636,Chris Braswell,TB,LB,-,-,-,-,,
T636,K.J. Britt,NE,LB,-,-,-,-,,
T636,Jordyn Brooks,MIA,LB,-,-,-,-,Ques,Undisclosed
T636,Cam Brown,FA,LB,-,-,-,-,,
T636,Elliott Brown,ARI,LB,-,-,-,-,,
T636,Sean Brown,TEN,LB,-,-,-,-,,
T636,Baron Browning,ARI,LB,-,-,-,-,,
T636,Carson Bruener,PIT,LB,-,-,-,-,,
T636,Teddye Buchanan,BAL,LB,-,-,-,-,Ques,Knee - ACL
T636,John Bullock,TB,LB,-,-,-,-,,
T636,Oren Burks,CIN,LB,-,-,-,-,,
T636,Amari Burney,JAX,LB,-,-,-,-,,
T636,Brian Burns,NYG,LB,-,-,-,-,,
T636,Devin Bush,CHI,LB,-,-,-,-,,
T636,Chance Campbell,PHI,LB,-,-,-,-,Ques,Groin
T636,De'Vondre Campbell,FA,LB,-,-,-,-,,
T636,Jack Campbell,DET,LB,-,-,-,-,,
T636,Jihaad Campbell,PHI,LB,-,-,-,-,,
T636,Jaylon Carlies,IND,LB,-,-,-,-,,
T636,Daylan Carnell,FA,LB,-,-,-,-,,
T636,Owen Carney,FA,LB,-,-,-,-,,
T636,Reid Carrico,FA,LB,-,-,-,-,,
T636,Abdul Carter,NYG,LB,-,-,-,-,,
T636,Andre Carter,LAC,LB,-,-,-,-,,
T636,Barrett Carter,CIN,LB,-,-,-,-,,
T636,Lorenzo Carter,FA,LB,-,-,-,-,,
T636,Blake Cashman,MIN,LB,-,-,-,-,,
T636,K'Lavon Chaisson,WAS,LB,-,-,-,-,,
T636,Tahj Chambers,IND,LB,-,-,-,-,,
T636,Chaz Chambliss,MIN,LB,-,-,-,-,,
T636,Leo Chenal,WAS,LB,-,-,-,-,,
T636,Claudin Cherelus,CAR,LB,-,-,-,-,,
T636,Cole Christiansen,KC,LB,-,-,-,-,,
T636,Jimmy Ciarlo,BUF,LB,-,-,-,-,,
T636,Damone Clark,DET,LB,-,-,-,-,,
T636,Jack Cochrane,KC,LB,-,-,-,-,,
T636,Jordan Colbert,FA,LB,-,-,-,-,Ques,Neck
T636,DJ Coleman,FA,LB,-,-,-,-,,
T636,Zaven Collins,ARI,LB,-,-,-,-,,
T636,Junior Colson,LAC,LB,-,-,-,-,,
T636,Branson Combs,JAX,LB,-,-,-,-,,
T636,Edgerrin Cooper,GB,LB,-,-,-,-,,
T636,Jonathon Cooper,DEN,LB,-,-,-,-,,
T636,Carter Coughlin,FA,LB,-,-,-,-,,
T636,Brenton Cox,GB,LB,-,-,-,-,,
T636,Keyron Crawford,LV,LB,-,-,-,-,,
T636,Jordan Crook,FA,LB,-,-,-,-,,
T636,Maxx Crosby,LV,LB,-,-,-,-,,
T636,Zach Cunningham,FA,LB,-,-,-,-,Ques,Hamstring
T636,Kendal Daniels,ATL,LB,-,-,-,-,,
T636,Lavonte David,FA,LB,-,-,-,-,,
T636,Demario Davis,NYJ,LB,-,-,-,-,,
T636,Jamin Davis,PIT,LB,-,-,-,-,,
T636,Akeem Davis-Gaither,IND,LB,-,-,-,-,,
T636,Divine Deablo,ATL,LB,-,-,-,-,Ques,Ankle
T636,Nakobe Dean,LV,LB,-,-,-,-,,
T636,Dominic Deluca,BAL,LB,-,-,-,-,,
T636,Cade Denhoff,BUF,LB,-,-,-,-,,
T636,SirVocea Dennis,TB,LB,-,-,-,-,,
T636,Dani Dennis-Sutton,GB,LB,-,-,-,-,,
T636,Mohamoud Diabate,TEN,LB,-,-,-,-,,
T636,Yaya Diaby,TB,LB,-,-,-,-,,
T636,Xzavier Dickson,FA,LB,-,-,-,-,,
T636,Fadil Diggs,NO,LB,-,-,-,-,,
T636,Victor Dimukeje,FA,LB,-,-,-,-,,
T636,Jack Dingle,CIN,LB,-,-,-,-,,
T636,Stephen Dix,FA,LB,-,-,-,-,,
T636,Tyrel Dodson,MIA,LB,-,-,-,-,,
T636,Shaun Dolac,LAR,LB,-,-,-,-,Ques,Knee - PCL
T636,Jaden Dugger,SF,LB,-,-,-,-,,
T636,Khalid Duke,FA,LB,-,-,-,-,,
T636,Bud Dupree,LAC,LB,-,-,-,-,,
T636,Landis Durham,FA,LB,-,-,-,-,,
T636,Troy Dye,LAC,LB,-,-,-,-,,
T636,Kenny Dyson,FA,LB,-,-,-,-,,
T636,Arnold Ebiketie,PHI,LB,-,-,-,-,,
T636,Power Echols,FA,LB,-,-,-,-,,
T636,Tremaine Edmunds,NYG,LB,-,-,-,-,,
T636,T.J. Edwards,CHI,LB,-,-,-,-,,
T636,Sam Eguavoen,FA,LB,-,-,-,-,,
T636,Tommy Eichenberg,LV,LB,-,-,-,-,,
T636,Milo Eifler,FA,LB,-,-,-,-,,
T636,Kaleb Elarms-Orr,BUF,LB,-,-,-,-,,
T636,Keyshaun Elliott,CHI,LB,-,-,-,-,PUP-P,Undisclosed
T636,Christian Elliss,NE,LB,-,-,-,-,,
T636,Jonah Elliss,DEN,LB,-,-,-,-,,
T636,Kaden Elliss,NO,LB,-,-,-,-,,
T636,Rashaan Evans,FA,LB,-,-,-,-,,
T636,Donovan Ezeiruaku,DAL,LB,-,-,-,-,,
T636,Andrew Farmer,SF,LB,-,-,-,-,IR,Back
T636,Olakunle Fatukasi,FA,LB,-,-,-,-,,
T636,Tony Fields,CHI,LB,-,-,-,-,,
T636,Aiden Fisher,HOU,LB,-,-,-,-,,
T636,Demetrius Flannigan-Fowles,BUF,LB,-,-,-,-,IR,Undisclosed
T636,Jaylan Ford,NO,LB,-,-,-,-,,
T636,Trace Ford,NYG,LB,-,-,-,-,,
T636,Caden Fordham,TB,LB,-,-,-,-,,
T636,Dante Fowler,SEA,LB,-,-,-,-,,
T636,Tomon Fox,LAR,LB,-,-,-,-,,
T636,Zaire Franklin,GB,LB,-,-,-,-,,
T636,Theron Gaines,BUF,LB,-,-,-,-,,
T636,Dallas Gant,FA,LB,-,-,-,-,,
T636,Jake Ganus,FA,LB,-,-,-,-,,
T636,Dennis Gardeck,JAX,LB,-,-,-,-,,
T636,Rashan Gary,DAL,LB,-,-,-,-,,
T636,Willie Gay,MIA,LB,-,-,-,-,,
T636,Ali Gaye,HOU,LB,-,-,-,-,,
T636,Eric Gentry,CIN,LB,-,-,-,-,,
T636,Brandon George,PHI,LB,-,-,-,-,,
T636,Jack Gibbens,ARI,LB,-,-,-,-,,
T636,Luke Gifford,SF,LB,-,-,-,-,Ques,Hamstring
T636,Joe Giles-Harris,CIN,LB,-,-,-,-,,
T636,Cam Gill,CAR,LB,-,-,-,-,,
T636,Trevis Gipson,CAR,LB,-,-,-,-,,
T636,Jake Golday,MIN,LB,-,-,-,-,,
T636,Chauncey Golston,NYG,LB,-,-,-,-,Ques,Head
T636,Cameron Goode,MIA,LB,-,-,-,-,,
T636,Brandon Graham,FA,LB,-,-,-,-,,
T636,Jalen Graham,SF,LB,-,-,-,-,,
T636,Cedric Gray,TEN,LB,-,-,-,-,,
T636,Mike Green,BAL,LB,-,-,-,-,,
T636,Jonathan Greenard,PHI,LB,-,-,-,-,PUP-P,Pectoral
T636,Dre Greenlaw,SF,LB,-,-,-,-,,
T636,Antonio Grier,FA,LB,-,-,-,-,Ques,Undisclosed
T636,Kamu Grugier-Hill,FA,LB,-,-,-,-,,
T636,Derick Hall,SEA,LB,-,-,-,-,,
T636,Dominique Hampton,TEN,LB,-,-,-,-,,
T636,Nick Hampton,CAR,LB,-,-,-,-,IR,Undisclosed
T636,Jake Hansen,HOU,LB,-,-,-,-,Ques,Ankle
T636,Aaron Hansford,FA,LB,-,-,-,-,,
T636,Daniel Hardy,CHI,LB,-,-,-,-,,
T636,Jaylen Harrell,TEN,LB,-,-,-,-,Ques,Knee - ACL
T636,Charles Harris,FA,LB,-,-,-,-,,
T636,Christian Harris,ATL,LB,-,-,-,-,,
T636,Connor Harris,FA,LB,-,-,-,-,,
T636,Darius Harris,FA,LB,-,-,-,-,Ques,Undisclosed
T636,Demone Harris,FA,LB,-,-,-,-,,
T636,Malik Harrison,PIT,LB,-,-,-,-,,
T636,Ronnie Harrison,MIA,LB,-,-,-,-,,
T636,Marquis Haynes,FA,LB,-,-,-,-,,
T636,Romello Height,SF,LB,-,-,-,-,Ques,Elbow
T636,Daiyan Henley,LAC,LB,-,-,-,-,,
T636,Nick Herbig,PIT,LB,-,-,-,-,,
T636,Neville Hewitt,FA,LB,-,-,-,-,,
T636,Shaka Heyward,CIN,LB,-,-,-,-,,
T636,Clarence Hicks,FA,LB,-,-,-,-,,
T636,Jordan Hicks,FA,LB,-,-,-,-,,
T636,Jay Higgins,BAL,LB,-,-,-,-,Ques,Concussion
T636,Alex Highsmith,PIT,LB,-,-,-,-,,
T636,Anthony Hill,TEN,LB,-,-,-,-,,
T636,Jamal Hill,HOU,LB,-,-,-,-,,
T636,Nikhal Hill-Green,FA,LB,-,-,-,-,,
T636,Cole Holcomb,PIT,LB,-,-,-,-,,
T636,Ty'Ron Hopper,GB,LB,-,-,-,-,,
T636,James Houston,DAL,LB,-,-,-,-,,
T636,Justin Houston,FA,LB,-,-,-,-,,
T636,Khaleke Hudson,FA,LB,-,-,-,-,,
T636,Parker Hughes,JAX,LB,-,-,-,-,,
T636,Andrzej Hughes-Murray,FA,LB,-,-,-,-,,
T636,Jake Hummel,HOU,LB,-,-,-,-,,
T636,Jalyx Hunt,PHI,LB,-,-,-,-,,
T636,Danielle Hunter,HOU,LB,-,-,-,-,,
T636,Erick Hunter,DET,LB,-,-,-,-,,
T636,Ruben Hyppolite,CHI,LB,-,-,-,-,Ques,Shoulder
T636,Thomas Incoom,CAR,LB,-,-,-,-,,
T636,Adisa Isaac,BAL,LB,-,-,-,-,,
T636,Jared Ivey,SEA,LB,-,-,-,-,,
T636,Brennan Jackson,LV,LB,-,-,-,-,IR,Undisclosed
T636,D'Marco Jackson,CHI,LB,-,-,-,-,,
T636,Drake Jackson,WAS,LB,-,-,-,-,,
T636,Nick Jackson,TB,LB,-,-,-,-,,
T636,Storey Jackson,FA,LB,-,-,-,-,,
T636,Tarron Jackson,PHI,LB,-,-,-,-,,
T636,Curtis Jacobs,WAS,LB,-,-,-,-,,
T636,Khalil Jacobs,NE,LB,-,-,-,-,,
T636,Shemar James,DAL,LB,-,-,-,-,,
T636,Justin Jefferson,CLE,LB,-,-,-,-,,
T636,Keonta Jenkins,BUF,LB,-,-,-,-,,
T636,Anfernee Jennings,NO,LB,-,-,-,-,,
T636,Josey Jewell,FA,LB,-,-,-,-,Ques,Concussion
T636,Buddy Johnson,LV,LB,-,-,-,-,,
T636,Caleb Johnson,FA,LB,-,-,-,-,Ques,Shoulder
T636,Deandre Johnson,FA,LB,-,-,-,-,,
T636,Dyontae Johnson,FA,LB,-,-,-,-,,
T636,Emany Johnson,LAC,LB,-,-,-,-,,
T636,Jamon Johnson,BAL,LB,-,-,-,-,,
T636,Patrick Johnson,LV,LB,-,-,-,-,,
T636,Cam Jones,FA,LB,-,-,-,-,,
T636,Carl Jones,BAL,LB,-,-,-,-,,
T636,Deion Jones,NO,LB,-,-,-,-,,
T636,Dre'Mont Jones,NE,LB,-,-,-,-,,
T636,Ernest Jones,SEA,LB,-,-,-,-,,
T636,Patrick Jones,CAR,LB,-,-,-,-,,
T636,Truman Jones,TEN,LB,-,-,-,-,,
T636,Vi Jones,FA,LB,-,-,-,-,,
T636,Ale Kaho,WAS,LB,-,-,-,-,,
T636,Bangally Kamara,MIN,LB,-,-,-,-,,
T636,Mikail Kamara,SF,LB,-,-,-,-,IR,Knee
T636,Mohamed Kamara,TB,LB,-,-,-,-,,
T636,Khalid Kareem,NYG,LB,-,-,-,-,,
T636,Jaden Keller,NYJ,LB,-,-,-,-,,
T636,Jack Kelly,NYG,LB,-,-,-,-,,
T636,Nyjalik Kelly,GB,LB,-,-,-,-,,
T636,Keith Kelsey,FA,LB,-,-,-,-,,
T636,Eric Kendricks,FA,LB,-,-,-,-,,
T636,Mychal Kendricks,FA,LB,-,-,-,-,,
T636,Kyle Kennard,LAC,LB,-,-,-,-,,
T636,Arden Key,IND,LB,-,-,-,-,,
T636,Austin Keys,ARI,LB,-,-,-,-,IR,Undisclosed
T636,Isiah King,FA,LB,-,-,-,-,,
T636,Kobe King,NYJ,LB,-,-,-,-,IR,Undisclosed
T636,Niles King,FA,LB,-,-,-,-,,
T636,Jack Kiser,JAX,LB,-,-,-,-,Ques,Knee
T636,Demetrius Knight,CIN,LB,-,-,-,-,,
T636,Tyrice Knight,SEA,LB,-,-,-,-,,
T636,Jamree Kromah,CHI,LB,-,-,-,-,,
T636,Jackson Kuwatch,CAR,LB,-,-,-,-,,
T636,William Kwenkeu,FA,LB,-,-,-,-,,
T636,Nate Landman,LAR,LB,-,-,-,-,,
T636,Harold Landry,NE,LB,-,-,-,-,PUP-P,Undisclosed
T636,DeMarcus Lawrence,SEA,LB,-,-,-,-,,
T636,Malachi Lawrence,DAL,LB,-,-,-,-,,
T636,Carl Lawson,FA,LB,-,-,-,-,,
T636,Deontae Lawson,PHI,LB,-,-,-,-,,
T636,Keli Lawson,FA,LB,-,-,-,-,,
T636,Shaquille Leonard,FA,LB,-,-,-,-,,
T636,Eku Leota,ARI,LB,-,-,-,-,,
T636,Cody Lindenberg,LV,LB,-,-,-,-,,
T636,Marist Liufau,DAL,LB,-,-,-,-,,
T636,Damon Lloyd,FA,LB,-,-,-,-,,
T636,Devin Lloyd,CAR,LB,-,-,-,-,,
T636,David Long,FA,LB,-,-,-,-,,
T636,Kyle Louis,MIA,LB,-,-,-,-,,
T636,Jesse Luketa,NE,LB,-,-,-,-,,
T636,Frankie Luvu,WAS,LB,-,-,-,-,,
T636,Blake Lynch,FA,LB,-,-,-,-,,
T636,Nate Lynn,FA,LB,-,-,-,-,,
T636,Khalil Mack,LAC,LB,-,-,-,-,,
T636,Boye Mafe,CIN,LB,-,-,-,-,,
T636,Jordan Magee,WAS,LB,-,-,-,-,,
T636,DeAngelo Malone,ATL,LB,-,-,-,-,PUP-R,Undisclosed
T636,Marte Mapu,HOU,LB,-,-,-,-,,
T636,Chandler Martin,FA,LB,-,-,-,-,,
T636,Jacob Martin,TEN,LB,-,-,-,-,,
T636,Josh Martin,FA,LB,-,-,-,-,,
T636,Nick Martin,SF,LB,-,-,-,-,,
T636,Bam Martin-Scott,CAR,LB,-,-,-,-,,
T636,Easton Mascarenas-Arnold,CLE,LB,-,-,-,-,,
T636,Luke Masterson,FA,LB,-,-,-,-,,
T636,Tyler Matakevich,FA,LB,-,-,-,-,,
T636,Ochaun Mathis,FA,LB,-,-,-,-,,
T636,Wayne Matthews,CHI,LB,-,-,-,-,,
T636,Kana'i Mauga,FA,LB,-,-,-,-,,
T636,Francisco Mauigoa,NYJ,LB,-,-,-,-,,
T636,Dorian Mausi,TEN,LB,-,-,-,-,,
T636,Albert McClellan,FA,LB,-,-,-,-,,
T636,Marcelino McCrary-Ball,NYJ,LB,-,-,-,-,,
T636,Dasan McCullough,DEN,LB,-,-,-,-,,
T636,Cooper McDonald,KC,LB,-,-,-,-,,
T636,Isaiah McDuffie,GB,LB,-,-,-,-,,
T636,Micah McFadden,NYG,LB,-,-,-,-,,
T636,Cameron McGrone,LV,LB,-,-,-,-,,
T636,Derrick McLendon,FA,LB,-,-,-,-,,
T636,Raekwon McMillan,FA,LB,-,-,-,-,,
T636,Kain Medrano,WAS,LB,-,-,-,-,,
T636,Akheem Mesidor,LAC,LB,-,-,-,-,,
T636,Matt Milano,FA,LB,-,-,-,-,,
T636,Ventrell Miller,JAX,LB,-,-,-,-,,
T636,Smael Mondon,PHI,LB,-,-,-,-,,
T636,Jeremiah Moon,CAR,LB,-,-,-,-,,
T636,Trey Moore,MIA,LB,-,-,-,-,,
T636,Nicholas Morrow,FA,LB,-,-,-,-,,
T636,Arron Mosby,GB,LB,-,-,-,-,,
T636,C.J. Mosley,FA,LB,-,-,-,-,,
T636,Darius Muasau,NYG,LB,-,-,-,-,,
T636,Jamil Muhammad,FA,LB,-,-,-,-,,
T636,Chad Muma,NE,LB,-,-,-,-,,
T636,Red Murdock,DEN,LB,-,-,-,-,,
T636,Caleb Murphy,NYG,LB,-,-,-,-,,
T636,Gabriel Murphy,FA,LB,-,-,-,-,,
T636,Kenneth Murray,FA,LB,-,-,-,-,,
T636,Tanner Muse,FA,LB,-,-,-,-,,
T636,Carl Nassib,FA,LB,-,-,-,-,,
T636,Elias Neal,LAR,LB,-,-,-,-,,
T636,Anthony Nelson,TB,LB,-,-,-,-,,
T636,Garrett Nelson,NO,LB,-,-,-,-,,
T636,Yannick Ngakoue,FA,LB,-,-,-,-,,
T636,Ben Niemann,FA,LB,-,-,-,-,,
T636,Nick Niemann,GB,LB,-,-,-,-,,
T636,Maema Njongmeta,CAR,LB,-,-,-,-,,
T636,Bryce Notree,FA,LB,-,-,-,-,,
T636,Trevor Nowaske,DET,LB,-,-,-,-,,
T636,Uchenna Nwosu,SEA,LB,-,-,-,-,,
T636,Patrick O'Connell,SEA,LB,-,-,-,-,,
T636,Connor O'Toole,SEA,LB,-,-,-,-,,
T636,Namdi Obiazor,NE,LB,-,-,-,-,,
T636,Amen Ogbongbemiga,DET,LB,-,-,-,-,,
T636,Adetokunbo Ogundeji,FA,LB,-,-,-,-,,
T636,David Ojabo,MIA,LB,-,-,-,-,,
T636,Azeez Ojulari,ATL,LB,-,-,-,-,,
T636,BJ Ojulari,ARI,LB,-,-,-,-,,
T636,Bobby Okereke,FA,LB,-,-,-,-,,
T636,Ogbo Okoronkwo,SF,LB,-,-,-,-,,
T636,Oluwafemi Oladejo,TEN,LB,-,-,-,-,,
T636,Collin Oliver,GB,LB,-,-,-,-,,
T636,Segun Olubi,LV,LB,-,-,-,-,,
T636,Foyesade Oluokun,JAX,LB,-,-,-,-,,
T636,Joshua Onujiogu,FA,LB,-,-,-,-,,
T636,Anfernee Orji,NYG,LB,-,-,-,-,,
T636,K.C. Ossai,HOU,LB,-,-,-,-,,
T636,DeMarvion Overshown,DAL,LB,-,-,-,-,Ques,Lower Body
T636,Odafe Oweh,WAS,LB,-,-,-,-,,
T636,Jeremiah Owusu-Koramoah,CLE,LB,-,-,-,-,PUP-R,Neck
T636,Ivan Pace,MIN,LB,-,-,-,-,,
T636,Owen Pappoe,ARI,LB,-,-,-,-,,
T636,T.J. Parker,BUF,LB,-,-,-,-,,
T636,Micah Parsons,GB,LB,-,-,-,-,PUP-P,Knee - ACL
T636,Langston Patterson,DAL,LB,-,-,-,-,,
T636,Chris Paul,SEA,LB,-,-,-,-,,
T636,James Pearce,ATL,LB,-,-,-,-,Reserve-Sus,Suspension
T636,Harold Perkins,ATL,LB,-,-,-,-,,
T636,Denzel Perryman,LAC,LB,-,-,-,-,,
T636,Darryl Peterson,LAR,LB,-,-,-,-,,
T636,Del'Shawn Phillips,LAC,LB,-,-,-,-,,
T636,Jacob Phillips,FA,LB,-,-,-,-,Ques,Biceps
T636,Jaelan Phillips,CAR,LB,-,-,-,-,,
T636,Jason Pierre-Paul,FA,LB,-,-,-,-,,
T636,Anthony Pittman,FA,LB,-,-,-,-,,
T636,Elijah Ponder,NE,LB,-,-,-,-,,
T636,Bumper Pool,FA,LB,-,-,-,-,,
T636,Marcus Porter,FA,LB,-,-,-,-,,
T636,Mani Powell,TEN,LB,-,-,-,-,,
T636,Germaine Pratt,FA,LB,-,-,-,-,,
T636,Isaiah Pryor,FA,LB,-,-,-,-,,
T636,Alani Pututau,FA,LB,-,-,-,-,,
T636,Jack Pyburn,TB,LB,-,-,-,-,,
T636,Shaquille Quarterman,FA,LB,-,-,-,-,,
T636,Patrick Queen,PIT,LB,-,-,-,-,,
T636,TJ Quinn,GB,LB,-,-,-,-,,
T636,Jose Ramirez,PHI,LB,-,-,-,-,,
T636,Garmon Randolph,LAC,LB,-,-,-,-,,
T636,Daveren Rayner,ATL,LB,-,-,-,-,,
T636,Haason Reddick,FA,LB,-,-,-,-,,
T636,Troy Reeder,DET,LB,-,-,-,-,,
T636,Arvell Reese,NYG,LB,-,-,-,-,,
T636,Otis Reese,FA,LB,-,-,-,-,,
T636,Jalen Reeves-Maybin,FA,LB,-,-,-,-,,
T636,Karene Reid,DEN,LB,-,-,-,-,,
T636,Winston Reid,CLE,LB,-,-,-,-,,
T636,Mason Reiger,MIA,LB,-,-,-,-,,
T636,LaRoy Reynolds,FA,LB,-,-,-,-,,
T636,Jon Rhattigan,CHI,LB,-,-,-,-,,
T636,Forrest Rhyne,FA,LB,-,-,-,-,,
T636,Monty Rice,LAR,LB,-,-,-,-,,
T636,Bo Richter,MIN,LB,-,-,-,-,,
T636,Cam Riley,FA,LB,-,-,-,-,,
T636,Duke Riley,FA,LB,-,-,-,-,,
T636,Chauncey Rivers,FA,LB,-,-,-,-,,
T636,Elandon Roberts,PIT,LB,-,-,-,-,,
T636,Jacob Roberts,MIN,LB,-,-,-,-,,
T636,Curtis Robinson,DAL,LB,-,-,-,-,,
T636,Mark Robinson,FA,LB,-,-,-,-,,
T636,Que Robinson,DEN,LB,-,-,-,-,,
T636,Tavius Robinson,BAL,LB,-,-,-,-,,
T636,Jacob Rodriguez,MIA,LB,-,-,-,-,,
T636,Malcolm Rodriguez,DET,LB,-,-,-,-,Ques,Ankle
T636,Jimmy Rolder,DET,LB,-,-,-,-,Ques,Hamstring
T636,Josh Ross,MIN,LB,-,-,-,-,,
T636,Christian Rozeboom,TB,LB,-,-,-,-,,
T636,Kaimon Rucker,BAL,LB,-,-,-,-,,
T636,Chris Rumph,NO,LB,-,-,-,-,Ques,Ankle
T636,Chapelle Russell,FA,LB,-,-,-,-,,
T636,J.J. Russell,FA,LB,-,-,-,-,Ques,Concussion
T636,Jack Sanborn,CHI,LB,-,-,-,-,,
T636,Drew Sanders,DEN,LB,-,-,-,-,,
T636,Jack Sawyer,PIT,LB,-,-,-,-,,
T636,Carson Schwesinger,CLE,LB,-,-,-,-,,
T636,Nic Scourton,CAR,LB,-,-,-,-,IR,Knee - ACL
T636,Nephi Sewell,CHI,LB,-,-,-,-,Ques,Concussion
T636,Noah Sewell,CHI,LB,-,-,-,-,PUP-P,Achilles
T636,Karson Sharar,ARI,LB,-,-,-,-,,
T636,Ty Shelby,FA,LB,-,-,-,-,,
T636,Jamie Sheriff,SEA,LB,-,-,-,-,,
T636,Jamien Sherwood,NYJ,LB,-,-,-,-,,
T636,Cody Simon,ARI,LB,-,-,-,-,,
T636,Trenton Simpson,BAL,LB,-,-,-,-,,
T636,Alex Singleton,DEN,LB,-,-,-,-,,
T636,Jackson Sirmon,NO,LB,-,-,-,-,,
T636,Aaron Smith,SEA,LB,-,-,-,-,,
T636,Brandon Smith,FA,LB,-,-,-,-,,
T636,Nolan Smith,PHI,LB,-,-,-,-,,
T636,Roquan Smith,BAL,LB,-,-,-,-,,
T636,Tyreke Smith,KC,LB,-,-,-,-,,
T636,James Smith-Williams,FA,LB,-,-,-,-,,
T636,Xavian Sorey,LV,LB,-,-,-,-,,
T636,Barryn Sorrell,GB,LB,-,-,-,-,,
T636,Baylon Spector,FA,LB,-,-,-,-,,
T636,E.J. Speed,HOU,LB,-,-,-,-,PUP-P,Quadriceps
T636,Omar Speights,LAR,LB,-,-,-,-,,
T636,Robert Spillane,NE,LB,-,-,-,-,,
T636,Isaiah Stalbird,NO,LB,-,-,-,-,,
T636,Cam'Ron Stewart,MIN,LB,-,-,-,-,,
T636,Josaiah Stewart,LAR,LB,-,-,-,-,,
T636,Justin Strnad,DEN,LB,-,-,-,-,,
T636,Grant Stuard,LAR,LB,-,-,-,-,,
T636,Danny Stutsman,NO,LB,-,-,-,-,,
T636,Sonny Styles,WAS,LB,-,-,-,-,,
T636,Ty Summers,FA,LB,-,-,-,-,Ques,Foot
T636,Chazz Surratt,SEA,LB,-,-,-,-,,
T636,Josh Sweat,ARI,LB,-,-,-,-,PUP-P,Knee
T636,Bradyn Swinson,NE,LB,-,-,-,-,,
T636,Sione Takitaki,FA,LB,-,-,-,-,Ques,Hamstring
T636,Jahlani Tavai,JAX,LB,-,-,-,-,,
T636,Kayvon Thibodeaux,NYG,LB,-,-,-,-,,
T636,Brayden Thomas,FA,LB,-,-,-,-,,
T636,Chris Thomas,FA,LB,-,-,-,-,,
T636,DQ Thomas,FA,LB,-,-,-,-,,
T636,Drake Thomas,SEA,LB,-,-,-,-,,
T636,Isaiah Thomas,FA,LB,-,-,-,-,,
T636,Keir Thomas,LAR,LB,-,-,-,-,,
T636,Xavier Thomas,SF,LB,-,-,-,-,,
T636,Shaq Thompson,FA,LB,-,-,-,-,,
T636,Dondrea Tillman,DEN,LB,-,-,-,-,,
T636,Channing Tindall,ATL,LB,-,-,-,-,,
T636,Henry To'oTo'o,HOU,LB,-,-,-,-,,
T636,Drue Tranquill,KC,LB,-,-,-,-,Ques,Back
T636,Bralen Trice,ATL,LB,-,-,-,-,,
T636,Jeremiah Trotter,PHI,LB,-,-,-,-,,
T636,Josiah Trotter,TB,LB,-,-,-,-,,
T636,Nadame Tucker,LAC,LB,-,-,-,-,,
T636,Tuli Tuipulotu,LAC,LB,-,-,-,-,,
T636,Dallas Turner,MIN,LB,-,-,-,-,,
T636,Ezekiel Turner,FA,LB,-,-,-,-,,
T636,Jordan Turner,DEN,LB,-,-,-,-,,
T636,Edefuan Ulofoshio,CLE,LB,-,-,-,-,,
T636,Princely Umanmielen,CAR,LB,-,-,-,-,,
T636,Andrew Van Ginkel,MIN,LB,-,-,-,-,,
T636,Lukas Van Ness,GB,LB,-,-,-,-,,
T636,Kyle Van Noy,FA,LB,-,-,-,-,,
T636,Zach VanValkenburg,FA,LB,-,-,-,-,,
T636,Joseph Vaughn,SEA,LB,-,-,-,-,IR,Undisclosed
T636,Malik Verdon,ATL,LB,-,-,-,-,IR,Undisclosed
T636,Devin Veresuk,IND,LB,-,-,-,-,,
T636,Jared Verse,CLE,LB,-,-,-,-,,
T636,Nick Vigil,FA,LB,-,-,-,-,,
T636,Bobby Wagner,FA,LB,-,-,-,-,,
T636,Anthony Walker,FA,LB,-,-,-,-,,
T636,Arden Walker,MIN,LB,-,-,-,-,,
T636,David Walker,TB,LB,-,-,-,-,,
T636,Jailin Walker,FA,LB,-,-,-,-,,
T636,Jalon Walker,ATL,LB,-,-,-,-,IR,Knee - ACL
T636,Johnny Walker,DEN,LB,-,-,-,-,,
T636,Mykal Walker,NYJ,LB,-,-,-,-,,
T636,Quay Walker,LV,LB,-,-,-,-,,
T636,Trevin Wallace,CAR,LB,-,-,-,-,,
T636,Garret Wallow,SF,LB,-,-,-,-,,
T636,Eddie Walls,LAR,LB,-,-,-,-,IR,Undisclosed
T636,Jihad Ward,FA,LB,-,-,-,-,,
T636,Fred Warner,SF,LB,-,-,-,-,,
T636,Nathaniel Watson,CLE,LB,-,-,-,-,,
T636,T.J. Watt,PIT,LB,-,-,-,-,,
T636,Marlowe Wax,LAC,LB,-,-,-,-,,
T636,Rashad Weaver,FA,LB,-,-,-,-,,
T636,West Weeks,IND,LB,-,-,-,-,,
T636,Kristian Welch,GB,LB,-,-,-,-,,
T636,Carson Wells,FA,LB,-,-,-,-,,
T636,Julius Welschof,PIT,LB,-,-,-,-,,
T636,Pete Werner,NO,LB,-,-,-,-,Ques,Groin
T636,Ja'Markis Weston,FA,LB,-,-,-,-,Ques,Undisclosed
T636,DaShaun White,FA,LB,-,-,-,-,,
T636,Devin White,DET,LB,-,-,-,-,,
T636,Kyzir White,FA,LB,-,-,-,-,,
T636,Benton Whitley,CLE,LB,-,-,-,-,,
T636,Nate Wieland,FA,LB,-,-,-,-,,
T636,Dorian Williams,BUF,LB,-,-,-,-,,
T636,James Williams,TEN,LB,-,-,-,-,,
T636,Quincy Williams,CLE,LB,-,-,-,-,,
T636,Scooby Williams,MIN,LB,-,-,-,-,,
T636,Reid Williford,BAL,LB,-,-,-,-,,
T636,Chase Wilson,NYJ,LB,-,-,-,-,,
T636,Eric Wilson,MIN,LB,-,-,-,-,,
T636,Logan Wilson,FA,LB,-,-,-,-,,
T636,Mack Wilson,ARI,LB,-,-,-,-,,
T636,Payton Wilson,PIT,LB,-,-,-,-,,
T636,Riley Wilson,NE,LB,-,-,-,-,,
T636,Jacoby Windmon,PIT,LB,-,-,-,-,,
T636,Dee Winters,DAL,LB,-,-,-,-,,
T636,D.J. Wonnum,DET,LB,-,-,-,-,,
T636,Jackson Woodard,MIA,LB,-,-,-,-,,
T636,Wade Woodaz,HOU,LB,-,-,-,-,,
T636,Josh Woods,ATL,LB,-,-,-,-,,
T636,Chandler Wooten,FA,LB,-,-,-,-,,
T636,Javin Wright,TB,LB,-,-,-,-,,
T636,Kadofi Wright,FA,LB,-,-,-,-,,
T636,Oshane Ximines,FA,LB,-,-,-,-,,
T636,Taurean York,DEN,LB,-,-,-,-,,
T636,Byron Young,LAR,LB,-,-,-,-,,
T636,Chase Young,NO,LB,-,-,-,-,,
T636,Jordan Young,FA,LB,-,-,-,-,,
T636,Zion Young,BAL,LB,-,-,-,-,,
T636,James Ester,MIA,OG,-,-,-,-,,
T636,Nash Hutmacher,TB,OG,-,-,-,-,,
T636,Dylan Parham,NYJ,OG,-,-,-,-,,
T636,Chris Williams,FA,OG,-,-,-,-,,
T636,George Fant,FA,OT,-,-,-,-,,
T636,Armani Taylor-Prioleau,FA,OT,-,-,-,-,,
T636,Hunter Thedford,FA,OT,-,-,-,-,,
T636,Leroy Watson,FA,OT,-,-,-,-,,
T636,Bryan Anger,DAL,P,-,-,-,-,,
T636,Matt Araiza,KC,P,-,-,-,-,,
T636,Jake Bailey,ATL,P,-,-,-,-,,
T636,Bryce Baringer,NE,P,-,-,-,-,,
T636,Devon Bell,FA,P,-,-,-,-,,
T636,Corey Bojorquez,CLE,P,-,-,-,-,,
T636,Jack Browning,FA,P,-,-,-,-,,
T636,James Burnip,FA,P,-,-,-,-,,
T636,Jake Camarda,FA,P,-,-,-,-,,
T636,AJ Cole,LV,P,-,-,-,-,,
T636,Logan Cooke,JAX,P,-,-,-,-,,
T636,Jeremy Crawshaw,DEN,P,-,-,-,-,,
T636,Michael Dickson,SEA,P,-,-,-,-,,
T636,Riley Dixon,TB,P,-,-,-,-,,
T636,Tommy Doman,BUF,P,-,-,-,-,,
T636,Ryan Eckley,BAL,P,-,-,-,-,,
T636,Ethan Evans,LAR,P,-,-,-,-,,
T636,Jack Fox,DET,P,-,-,-,-,,
T636,Trenton Gill,FA,P,-,-,-,-,,
T636,Jamie Gillan,FA,P,-,-,-,-,,
T636,Blake Gillikin,ARI,P,-,-,-,-,,
T636,Matt Haack,WAS,P,-,-,-,-,,
T636,Matthew Hayball,ATL,P,-,-,-,-,,
T636,Lou Hedley,FA,P,-,-,-,-,,
T636,Johnny Hekker,MIN,P,-,-,-,-,,
T636,Cameron Johnston,PIT,P,-,-,-,-,,
T636,Kai Kroeger,HOU,P,-,-,-,-,,
T636,Ty Long,FA,P,-,-,-,-,,
T636,Braden Mann,PHI,P,-,-,-,-,,
T636,Sam Martin,CAR,P,-,-,-,-,,
T636,Austin McNamara,NYJ,P,-,-,-,-,,
T636,Thomas Morstead,FA,P,-,-,-,-,,
T636,Cameron Nizialek,FA,P,-,-,-,-,,
T636,Pat O'Donnell,FA,P,-,-,-,-,,
T636,Michael Palardy,FA,P,-,-,-,-,,
T636,Bradley Pinion,MIA,P,-,-,-,-,,
T636,Ryan Rehkow,CIN,P,-,-,-,-,,
T636,Brad Robbins,FA,P,-,-,-,-,,
T636,Rigoberto Sanchez,IND,P,-,-,-,-,,
T636,JK Scott,LAC,P,-,-,-,-,,
T636,Ryan Stonehouse,FA,P,-,-,-,-,,
T636,Jordan Stout,NYG,P,-,-,-,-,,
T636,Tory Taylor,CHI,P,-,-,-,-,,
T636,Tommy Townsend,TEN,P,-,-,-,-,,
T636,Corliss Waitman,SF,P,-,-,-,-,,
T636,Tress Way,WAS,P,-,-,-,-,,
T636,Daniel Whelan,GB,P,-,-,-,-,,
T636,Matt Wile,FA,P,-,-,-,-,,
T636,Mitch Wishnowsky,BUF,P,-,-,-,-,,
T636,Brandon Wright,FA,P,-,-,-,-,,
T636,Ryan Wright,NO,P,-,-,-,-,,
T636,Ty Zentner,FA,P,-,-,-,-,,
T636,Joey Aguilar,JAX,QB,-,-,-,-,,
576,Holton Ahlers,FA,QB,462.50,-,462.50,-,,
T636,Dontae McMillan,BAL,RB,-,-,-,-,,
T636,Travon McMillian,FA,RB,-,-,-,-,,
T636,Jeremy McNichols,WAS,RB,-,-,-,-,Ques,Quadriceps
T636,Kirk Merritt,FA,RB,-,-,-,-,,
T636,Ellis Merriweather,FA,RB,-,-,-,-,,
T636,Sony Michel,FA,RB,-,-,-,-,,
T636,Dante Miller,NYG,RB,-,-,-,-,,
T636,Nate McCrary,FA,RB,-,-,-,-,,
T636,Anthony McFarland,FA,RB,-,-,-,-,,
T636,Jase McClellan,FA,RB,-,-,-,-,,
T636,Chuck McClelland,FA,RB,-,-,-,-,,
T636,Alexander Mattison,FA,RB,-,-,-,-,,
T636,Napoleon Maxwell,FA,RB,-,-,-,-,,
602,DeWayne McBride,FA,RB,557.00,-,557.00,525.00,,
T636,Marcus Major,FA,RB,-,-,-,-,,
T636,CJ Marable,FA,RB,-,-,-,-,,
T636,Kevin Marks,FA,RB,-,-,-,-,,
T636,Ahmani Marshall,CLE,RB,-,-,-,-,,
T636,Damien Martinez,GB,RB,-,-,-,462.00,,
T636,John Lovett,FA,RB,-,-,-,-,,
T636,Kay'Ron Lynch-Adams,FA,RB,-,-,-,-,,
612,Kerryon Johnson,FA,RB,596.00,-,596.00,-,,
T636,Montrell Johnson,FA,RB,-,-,-,-,Ques,Undisclosed
T636,D.K. Kaufman,FA,RB,-,-,-,-,,
T636,Joshua Kelley,FA,RB,-,-,-,-,,
T636,John Kelly,FA,RB,-,-,-,-,,
T636,Jacob Kibodi,FA,RB,-,-,-,-,,
T636,Adrian Killins,FA,RB,-,-,-,-,,
T636,Corey Kiner,ARI,RB,-,-,-,-,,
T636,Bam Knight,ARI,RB,-,-,-,-,,
T636,Brenden Knox,FA,RB,-,-,-,-,,
T636,Bryant Koback,FA,RB,-,-,-,-,,
344,Khalan Laborn,FA,RB,299.00,-,299.00,-,,
T636,Patrick Laird,FA,RB,-,-,-,-,,
T636,Lan Larison,NE,RB,-,-,-,-,,
T636,Dylan Laube,LV,RB,-,-,-,-,,
T636,Ray Lawry,FA,RB,-,-,-,-,,
T636,Dion Lewis,FA,RB,-,-,-,-,,
T636,Kobe Lewis,FA,RB,-,-,-,-,,
T636,Phillip Lindsay,FA,RB,-,-,-,-,,
T636,Lorenzo Lingard,FA,RB,-,-,-,-,,
T636,Anthony Jones,FA,RB,-,-,-,-,,
T636,Austin Jones,FA,RB,-,-,-,-,,
T636,Cash Jones,ATL,RB,-,-,-,-,,
T636,Qualan Jones,FA,RB,-,-,-,-,,
388,Ronald Jones,FA,RB,325.00,-,325.00,-,,
T636,Shermari Jones,FA,RB,-,-,-,-,,
510,Taiwan Jones,FA,RB,389.00,-,389.00,-,,
T636,Tony Jones,FA,RB,-,-,-,-,,
399,Velus Jones,SEA,RB,332.00,-,332.00,-,,
318,Jermar Jefferson,MIN,RB,275.00,-,275.00,-,,
T636,Ramon Jefferson,FA,RB,-,-,-,-,,
T636,Terrell Jennings,FA,RB,-,-,-,-,Ques,Undisclosed
T636,Amar Johnson,LAC,RB,-,-,-,-,,
T636,D'Ernest Johnson,FA,RB,-,-,-,-,,
T636,David Johnson,FA,RB,-,-,-,-,,
T636,Dillon Johnson,FA,RB,-,-,-,-,,
T382,Lamar Miller,FA,RB,323.50,-,323.50,-,,
T636,Nyheim Miller-Hines,FA,RB,-,-,-,-,,
T636,Dedrick Mills,FA,RB,-,-,-,-,,
T636,Kendall Milton,CIN,RB,-,-,-,-,,
T636,Jordan Mims,FA,RB,-,-,-,-,,
T636,Elijah Mitchell,FA,RB,-,-,-,-,Ques,Undisclosed
T636,Myles Montgomery,NE,RB,-,-,-,-,IR,Undisclosed
T636,Ty Montgomery,FA,RB,-,-,-,-,,
T636,Le'Veon Moss,MIA,RB,-,-,-,314.80,Reserve-Ret,Undisclosed
T636,Zack Moss,FA,RB,-,-,-,-,Ques,Neck
T636,Raheem Mostert,FA,RB,-,-,-,-,Ques,Knee
T636,Khalfani Muhammad,FA,RB,-,-,-,-,,
T636,Kalel Mullings,TEN,RB,-,-,-,-,Ques,Hip
T636,Latavius Murray,FA,RB,-,-,-,-,,
629,Lew Nichols,PIT,RB,628.50,-,628.50,526.50,,
T636,Jaden Nixon,GB,RB,-,-,-,-,,
T636,Nate Noel,FA,RB,-,-,-,-,,
T636,Sone Ntoh,FA,RB,-,-,-,-,,
T636,Kene Nwangwu,NYJ,RB,-,-,-,575.00,,
T636,Cedric O'Neal,FA,RB,-,-,-,-,,
599,Dare Ogunbowale,LV,RB,550.00,-,550.00,-,,
T636,Qadree Ollison,FA,RB,-,-,-,-,,
T636,Jaydn Ott,KC,RB,-,-,-,452.70,,
T636,A.J. Ouellette,FA,RB,-,-,-,-,,
T636,Kejon Owens,FA,RB,-,-,-,509.50,Ques,Illness
T636,Devine Ozigbo,FA,RB,-,-,-,-,,
T636,Lincoln Pare,FA,RB,-,-,-,517.00,Ques,Undisclosed
T636,Jacques Patrick,FA,RB,-,-,-,-,,
T636,Cordarrelle Patterson,FA,RB,-,-,-,-,,
T636,Jaret Patterson,LAC,RB,-,-,-,-,,
T636,Nathaniel Peat,FA,RB,-,-,-,-,,
T636,Trent Pennix,FA,RB,-,-,-,-,,
583,Rashaad Penny,FA,RB,481.00,-,481.00,-,,
T367,Camerun Peoples,FA,RB,316.50,-,316.50,-,,
T636,La'Mical Perine,FA,RB,-,-,-,-,,
394,Clint Ratkovich,FA,RB,330.00,-,330.00,542.00,,
T636,Desmond Reid,FA,RB,-,-,-,470.30,Ques,Undisclosed
T636,Tyler Renew,FA,RB,-,-,-,-,,
T636,Craig Reynolds,FA,RB,-,-,-,-,Ques,Undisclosed
T636,Demario Richard,FA,RB,-,-,-,-,,
T636,Jalen Richard,FA,RB,-,-,-,-,,
T636,Dominic Richardson,FA,RB,-,-,-,-,,
T636,Ronnie Rivers,LAR,RB,-,-,-,-,,
T636,Aidan Robbins,FA,RB,-,-,-,-,,
403,Kye Robichaux,DET,RB,334.00,-,334.00,433.00,Ques,Foot
T636,James Robinson,FA,RB,-,-,-,-,,
T636,Kairee Robinson,FA,RB,-,-,-,-,,
T636,Keilan Robinson,FA,RB,-,-,-,-,Ques,Undisclosed
434,A.J. Rose,FA,RB,351.00,-,351.00,-,,
T636,Brandon Ross,FA,RB,-,-,-,-,,
T636,Larry Rountree,FA,RB,-,-,-,-,,
T636,Ricky Person,FA,RB,-,-,-,-,,
T636,Scottie Phillips,FA,RB,-,-,-,-,,
T636,Artavis Pierce,FA,RB,-,-,-,-,,
T630,Dameon Pierce,PHI,RB,629.50,-,629.50,573.00,Ques,Hamstring
T636,Josh Pitsenberger,HOU,RB,-,-,-,-,IR,Ankle
T636,Sandro Platzgummer,FA,RB,-,-,-,-,,
T636,Taj McGowan,FA,RB,-,-,-,-,,
T636,Kenny McIntosh,FA,RB,-,-,-,-,,
T636,Jerick McKinnon,FA,RB,-,-,-,-,,
589,Joe Mixon,FA,RB,511.90,-,511.90,346.00,Ques,Foot
T636,Deneric Prince,FA,RB,-,-,-,-,,
T636,Trey Ragas,FA,RB,-,-,-,-,,
T636,Trey Potts,FA,RB,-,-,-,-,,
T636,Bilal Powell,FA,RB,-,-,-,-,,
T636,Christian Powell,FA,RB,-,-,-,-,,
T636,ShunDerrick Powell,FA,RB,-,-,-,-,,
T636,D'Vonte Price,FA,RB,-,-,-,-,,
T636,Derrius Guice,FA,RB,-,-,-,-,,
T636,Darius Hagans,FA,RB,-,-,-,-,,
T636,Hassan Hall,FA,RB,-,-,-,-,,
T636,Anthony Hankerson,FA,RB,-,-,-,489.30,,
T636,Deion Hankins,FA,RB,-,-,-,-,,
T636,TJ Harden,SEA,RB,-,-,-,-,,
T636,JaQuan Hardy,FA,RB,-,-,-,-,,
437,Kevin Harris,FA,RB,352.00,-,352.00,-,,
635,Roman Hemby,LV,RB,636.50,-,636.50,310.80,,
T636,Hassan Haskins,NE,RB,-,-,-,-,,
T636,JaMycal Hasty,NE,RB,-,-,-,-,,
T636,Javian Hawkins,FA,RB,-,-,-,-,,
T636,Jamal Haynes,CIN,RB,-,-,-,423.00,,
T636,James Gilbert,FA,RB,-,-,-,-,,
T636,Tyler Goodson,ATL,RB,-,-,-,-,,
605,Melvin Gordon,FA,RB,573.50,-,573.50,-,,
T636,Derrick Gore,FA,RB,-,-,-,-,,
T636,Frank Gore,BUF,RB,-,-,-,-,,
T636,Alfonzo Graham,FA,RB,-,-,-,-,,
T636,Eric Gray,NYG,RB,-,-,-,-,,
T636,Trayone Gray,FA,RB,-,-,-,-,,
T636,Wayne Gallman,FA,RB,-,-,-,-,,
T636,Ja'Quan Gardner,FA,RB,-,-,-,-,,
T636,Myles Gaskin,FA,RB,-,-,-,-,,
T636,CJ Donaldson,NO,RB,-,-,-,353.80,,
T636,Elijah Dotson,FA,RB,-,-,-,-,,
T636,Antonio Gibson,FA,RB,-,-,-,-,Ques,Knee - ACL
T636,Caleb Huntley,FA,RB,-,-,-,-,,
T636,Jason Huntley,FA,RB,-,-,-,-,,
T636,Carlos Hyde,FA,RB,-,-,-,-,,
T636,Mohamed Ibrahim,FA,RB,-,-,-,-,,
T636,Godwin Igwebuike,FA,RB,-,-,-,-,,
T636,Keaontay Ingram,FA,RB,-,-,-,-,,
T636,Jacob Huesman,FA,RB,-,-,-,-,,
577,Evan Hull,ARI,RB,463.00,-,463.00,567.00,,
T636,Deon Jackson,FA,RB,-,-,-,-,,
T636,Devontae Jackson,FA,RB,-,-,-,-,,
T636,Ja'Quinden Jackson,PHI,RB,-,-,-,-,,
T636,Jalen Jackson,FA,RB,-,-,-,-,,
T636,Justin Jackson,FA,RB,-,-,-,-,,
T636,Isaiah Jacobs,FA,RB,-,-,-,-,,
T636,Robert Henry,WAS,RB,-,-,-,357.80,,
T636,Brian Hill,FA,RB,-,-,-,-,,
T636,Kylin Hill,FA,RB,-,-,-,-,,
T636,Darnell Holland,FA,RB,-,-,-,-,,
T636,Gerald Holmes,FA,RB,-,-,-,-,,
T636,Valentine Holmes,FA,RB,-,-,-,-,,
T636,Elijah Holyfield,FA,RB,-,-,-,-,,
T636,Travis Homer,PIT,RB,-,-,-,-,,
T636,Tyler Hoosman,FA,RB,-,-,-,-,,
T636,Jarveon Howard,FA,RB,-,-,-,-,,
T636,Jordan Howard,FA,RB,-,-,-,-,,
T636,Buddy Howell,FA,RB,-,-,-,-,,
T636,Anderson Castle,IND,RB,-,-,-,-,,
591,Ty Chandler,NO,RB,516.30,-,516.30,-,,
633,Julius Chestnut,TEN,RB,632.00,-,632.00,497.50,,
T636,Adam Choice,FA,RB,-,-,-,-,,
T636,Corey Clement,FA,RB,-,-,-,-,,
T636,Toriano Clinton,FA,RB,-,-,-,-,,
T636,Tarik Cohen,FA,RB,-,-,-,-,,
T636,Matt Colburn,FA,RB,-,-,-,-,,
T636,Leddie Brown,FA,RB,-,-,-,-,,
T636,Malcolm Brown,FA,RB,-,-,-,-,,
T636,Ronnie Brown,FA,RB,-,-,-,-,,
T636,Spencer Brown,FA,RB,-,-,-,-,,
T636,Kentrel Bullock,CIN,RB,-,-,-,-,,
452,Rex Burkhead,FA,RB,360.00,-,360.00,-,,
T636,James Butler,FA,RB,-,-,-,-,,
T636,Noah Cain,FA,RB,-,-,-,-,,
T636,Raymond Calais,FA,RB,-,-,-,-,,
T636,Josh Caldwell,FA,RB,-,-,-,-,,
T636,Kadarius Calloway,TB,RB,-,-,-,490.50,,
T636,Trenton Cannon,FA,RB,-,-,-,-,,
626,Michael Carter,TEN,RB,623.50,-,623.50,-,,
475,Jashaun Corbin,DAL,RB,371.00,-,371.00,-,,
T636,DeeJay Dallas,JAX,RB,-,-,-,-,,
T636,Damarea Crockett,FA,RB,-,-,-,-,,
T636,Snoop Conner,FA,RB,-,-,-,-,,
T636,Dean Connors,LAR,RB,-,-,-,385.70,,
T636,Dalvin Cook,FA,RB,-,-,-,-,,
T636,Tevin Coleman,FA,RB,-,-,-,-,,
T636,Chris Collier,LV,RB,-,-,-,-,IR,Undisclosed
T636,Elijah Collins,FA,RB,-,-,-,-,,
T636,Quali Conley,FA,RB,-,-,-,-,,
T636,D'Onta Foreman,FA,RB,-,-,-,-,,
T636,Leonard Fournette,FA,RB,-,-,-,-,,
T636,Devonta Freeman,FA,RB,-,-,-,-,,
T636,Royce Freeman,FA,RB,-,-,-,-,,
T636,Jake Funk,FA,RB,-,-,-,-,,
397,Ezekiel Elliott,FA,RB,331.50,-,331.50,-,,
T636,BJ Emmons,FA,RB,-,-,-,-,,
604,Audric Estime,NO,RB,570.60,-,570.60,441.00,Ques,Ankle
T636,Chris Evans,FA,RB,-,-,-,-,,
T636,Darrynton Evans,FA,RB,-,-,-,-,,
T636,Tiyon Evans,FA,RB,-,-,-,533.00,,
T636,Zach Evans,FA,RB,-,-,-,536.00,,
T636,Tavien Feaster,FA,RB,-,-,-,-,,
T636,Demetric Felton,FA,RB,-,-,-,-,,
T636,Deshaun Fenwick,FA,RB,-,-,-,-,,
T636,Josh Ferguson,FA,RB,-,-,-,-,,
T636,Tayon Fleet-Davis,FA,RB,-,-,-,-,,
T636,Gerrid Doaks,FA,RB,-,-,-,-,,
T636,Greg Desrosiers,LAC,RB,-,-,-,-,,
T636,Miles Davis,CAR,RB,-,-,-,-,,
T636,Tyrion Davis-Price,FA,RB,-,-,-,-,,
T636,Synjyn Days,FA,RB,-,-,-,-,,
T636,Kenyan Drake,FA,RB,-,-,-,-,,
T636,Mataeo Durant,FA,RB,-,-,-,-,,
T636,Travis Dye,FA,RB,-,-,-,-,,
T636,Aaron Dykes,FA,RB,-,-,-,-,,
T636,Trestan Ebner,FA,RB,-,-,-,-,,
T636,Chase Edmonds,FA,RB,-,-,-,-,,
T636,Trey Edmunds,FA,RB,-,-,-,-,,
T636,Daijun Edwards,FA,RB,-,-,-,-,,
T636,Donovan Edwards,MIA,RB,-,-,-,-,,
T636,Gus Edwards,FA,RB,-,-,-,-,,
T636,Jahwan Edwards,FA,RB,-,-,-,-,,
T636,Clyde Edwards-Helaire,FA,RB,-,-,-,-,,
T636,John Wolford,FA,QB,-,-,-,-,,
T636,Logan Woodside,FA,QB,-,-,-,-,,
T636,Ben Wooldridge,FA,QB,-,-,-,-,,
T636,Bailey Zappe,NYJ,QB,-,-,-,-,,
T636,Hajj-Malik Williams,FA,QB,-,-,-,-,,
T636,Marquise Williams,FA,QB,-,-,-,-,,
421,Ameer Abdullah,JAX,RB,345.00,-,345.00,-,,
T636,Khalid Abdullah,FA,RB,-,-,-,-,,
T636,Josh Adams,FA,RB,-,-,-,-,,
T636,Cam Akers,FA,RB,-,-,-,-,,
473,Kazmeir Allen,FA,RB,370.50,-,370.50,-,,
T636,Mike White,FA,QB,-,-,-,-,,
T636,E.J. Warner,FA,QB,-,-,-,-,,
T636,Ryan Willis,FA,QB,-,-,-,-,,
526,Russell Wilson,FA,QB,399.20,-,399.20,-,,
346,Zach Wilson,NO,QB,300.00,-,300.00,-,,
548,Dresser Winn,FA,QB,411.50,-,411.50,-,,
404,Ryan Tannehill,FA,QB,335.00,-,335.00,-,,
T636,Tyrod Taylor,GB,QB,-,-,-,-,,
T636,Vincent Testaverde,FA,QB,-,-,-,577.00,,
T636,Skylar Thompson,BAL,QB,-,-,-,-,IR,Undisclosed
T416,Dorian Thompson-Robinson,FA,QB,341.50,-,341.50,-,,
T636,Payton Thorne,FA,QB,-,-,-,-,,
T636,Clayton Thorson,FA,QB,-,-,-,-,,
T636,Nick Tiano,FA,QB,-,-,-,-,,
T636,Kyle Trask,CAR,QB,-,-,-,-,,
450,Jordan Travis,FA,QB,359.00,-,359.00,-,,
T636,Mitchell Trubisky,TEN,QB,-,-,-,-,,
362,Clayton Tune,FA,QB,308.80,-,308.80,-,,
463,DJ Uiagalelei,LAC,QB,365.00,-,365.00,-,,
T636,PJ Walker,FA,QB,-,-,-,-,,
T636,Tony Brooks-James,FA,RB,-,-,-,-,,
T636,Brittain Brown,CHI,RB,-,-,-,-,,
T636,Kennedy Brooks,FA,RB,-,-,-,-,,
624,Raheem Blackshear,DET,RB,618.50,-,618.50,-,,
T636,Khari Blasingame,FA,RB,-,-,-,-,,
T636,Brandon Bolden,FA,RB,-,-,-,-,,
T636,Reggie Bonnafon,FA,RB,-,-,-,-,,
T636,Devontae Booker,FA,RB,-,-,-,-,,
T636,Mike Boone,FA,RB,-,-,-,-,,
T636,Davon Booth,CLE,RB,-,-,-,390.80,,
T636,Max Borghi,FA,RB,-,-,-,-,,
T636,Isaiah Bowser,FA,RB,-,-,-,-,,
T636,Darius Bradwell,FA,RB,-,-,-,-,,
T636,Gary Brightwell,CIN,RB,-,-,-,-,,
T636,British Brooks,HOU,RB,-,-,-,-,Ques,Hand
T636,Ulysses Bentley,IND,RB,-,-,-,-,,
T636,Micah Bernard,FA,RB,-,-,-,-,,
T636,Kenjon Barner,FA,RB,-,-,-,-,,
T636,B.J. Baylor,FA,RB,-,-,-,-,,
T636,Greg Bell,FA,RB,-,-,-,-,,
T636,Eno Benjamin,FA,RB,-,-,-,-,,
T636,Coleman Bennett,CHI,RB,-,-,-,-,,
T636,Darius Anderson,FA,RB,-,-,-,-,,
T636,Ryquell Armstead,FA,RB,-,-,-,-,,
T636,Ronald Awatt,FA,RB,-,-,-,-,,
T636,Sherman Badie,FA,RB,-,-,-,-,,
T636,Tyler Badie,DEN,RB,-,-,-,-,,
T636,Emani Bailey,FA,RB,-,-,-,-,,
T636,Rushawn Baker,FA,RB,-,-,-,-,,
T636,Kalen Ballage,FA,RB,-,-,-,-,,
T636,Damon Bankston,NYG,RB,-,-,-,-,,
T636,Peyton Barber,FA,RB,-,-,-,-,,
T636,Reid Sinnett,FA,QB,-,-,-,-,,
T636,Jacob Sirmon,FA,QB,-,-,-,-,,
T636,Kyle Sloter,FA,QB,-,-,-,-,,
T636,Kedon Slovis,ARI,QB,-,-,-,-,,
T636,Nate Stanley,FA,QB,-,-,-,-,,
T636,Joel Stave,FA,QB,-,-,-,-,,
T636,Tommy Stevens,FA,QB,-,-,-,-,,
T636,Easton Stick,IND,QB,-,-,-,-,,
T636,Jarrett Stidham,DEN,QB,-,-,-,-,,
T636,Cole Stoudt,FA,QB,-,-,-,-,,
T636,Chris Streveler,FA,QB,-,-,-,-,,
T636,Carson Strong,FA,QB,-,-,-,-,,
T636,J'Mar Smith,FA,QB,-,-,-,-,,
T636,Brendan Sorsby,FA,QB,-,-,-,-,,
T636,Nate Sudfeld,FA,QB,-,-,-,-,,
T636,Colby Suits,FA,QB,-,-,-,-,,
T636,Jordan Ta'amu,FA,QB,-,-,-,-,,
T636,Taulia Tagovailoa,FA,QB,-,-,-,-,,
T636,Desmond Ridder,FA,QB,-,-,-,-,,
606,Philip Rivers,FA,QB,574.30,-,574.30,-,,
T636,Brogan Roback,FA,QB,-,-,-,-,,
T636,Sawyer Robertson,FA,QB,-,-,-,-,,
T636,Spencer Sanders,FA,QB,-,-,-,-,,
T636,Trevor Siemian,FA,QB,-,-,-,-,,
T636,Brandon Silvers,FA,QB,-,-,-,-,,
T636,Kurtis Rourke,SF,QB,-,-,-,-,,
T636,Nathan Rourke,FA,QB,-,-,-,-,,
T636,Jake Rudock,FA,QB,-,-,-,-,,
T636,Mason Rudolph,PIT,QB,-,-,-,-,,
595,Cooper Rush,ATL,QB,532.00,-,532.00,-,,
T636,Broc Rutter,FA,QB,-,-,-,-,,
T636,Brett Rypien,HOU,QB,-,-,-,-,,
T636,Gardner Minshew,ARI,QB,-,-,-,562.00,,
T636,Kellen Mond,FA,QB,-,-,-,-,,
T636,Steven Montez,FA,QB,-,-,-,-,,
T636,Matt Moore,FA,QB,-,-,-,-,,
T636,Tanner Mordecai,FA,QB,-,-,-,-,,
T636,James Morgan,FA,QB,-,-,-,-,,
T636,Chandler Morris,FA,QB,-,-,-,-,,
T636,Behren Morton,NE,QB,-,-,-,-,,
T636,Jalen Morton,FA,QB,-,-,-,-,,
T636,Miller Moss,CHI,QB,-,-,-,-,,
T636,Nick Mullens,JAX,QB,-,-,-,-,,
T636,Garrett Nussmeier,KC,QB,-,-,-,403.90,,
T636,Aidan O'Connell,LV,QB,-,-,-,-,,
T636,Chris Oladokun,KC,QB,-,-,-,-,,
T636,John Paddock,FA,QB,-,-,-,-,,
T636,Shea Patterson,FA,QB,-,-,-,-,,
T636,Diego Pavia,FA,QB,-,-,-,-,,
T636,Cole Payton,PHI,QB,-,-,-,537.80,,
T636,Andrew Peasley,FA,QB,-,-,-,-,,
T636,Luis Perez,FA,QB,-,-,-,-,,
385,Bryce Perkins,FA,QB,324.00,-,324.00,-,,
T636,E.J. Perry,FA,QB,-,-,-,-,,
365,Nathan Peterman,FA,QB,312.00,-,312.00,-,,
T636,Brandon Peters,FA,QB,-,-,-,-,,
634,Kenny Pickett,CAR,QB,633.50,-,633.50,-,,
568,Drew Plitt,FA,QB,443.50,-,443.50,-,,
T636,Jack Plummer,FA,QB,-,-,-,-,,
314,Michael Pratt,FA,QB,271.00,-,271.00,-,,
T636,Riley Neal,FA,QB,-,-,-,-,,
T636,Jamie Newman,FA,QB,-,-,-,-,,
T636,Peter Pujals,FA,QB,-,-,-,-,,
T636,Spencer Rattler,NO,QB,-,-,-,-,,
T636,Austin Reed,BAL,QB,-,-,-,-,,
T636,Jake Retzlaff,FA,QB,-,-,-,-,,
T636,Corey Knox,FA,FB,-,-,-,-,,
T636,Brock Lampe,SEA,FB,-,-,-,-,,
T636,Hunter Luepke,DAL,FB,-,-,-,-,,
T636,Daniel Marx,FA,FB,-,-,-,-,,
T636,Scott Matlock,LAC,FB,-,-,-,-,,
T636,Tyler McCloskey,FA,FB,-,-,-,-,,
T636,Kobe McCrary,FA,FB,-,-,-,-,,
614,Bruce Miller,FA,FB,602.70,-,602.70,539.50,,
T636,Connor Neighbors,FA,FB,-,-,-,-,,
T636,Spencer Nigh,FA,FB,-,-,-,-,,
T636,Roosevelt Nix,FA,FB,-,-,-,-,,
T636,Matt Barkley,FA,QB,-,-,-,-,,
T636,Casey Bauman,FA,QB,-,-,-,-,,
T636,Connor Bazelak,TB,QB,-,-,-,-,,
T636,Jason Bean,FA,QB,-,-,-,-,,
T636,C.J. Beathard,FA,QB,-,-,-,-,,
T636,Luke Altmyer,DET,QB,-,-,-,-,,
T636,Drew Anderson,FA,QB,-,-,-,-,,
T636,Zack Annexstad,FA,QB,-,-,-,-,,
T636,Austin Aune,FA,QB,-,-,-,-,,
T636,Bryan Bennett,FA,QB,-,-,-,-,,
541,Stetson Bennett,LAR,QB,407.00,-,407.00,-,,
554,James Blackman,FA,QB,418.50,-,418.50,-,,
T636,Ian Book,FA,QB,-,-,-,-,,
T636,Anthony Boone,FA,QB,-,-,-,-,,
T636,Tim Boyle,FA,QB,-,-,-,-,,
T636,Carter Bradley,JAX,QB,-,-,-,-,,
T636,Tyler Bray,FA,QB,-,-,-,-,,
T636,Teddy Bridgewater,DET,QB,-,-,-,-,Reserve-Ret,Undisclosed
T636,Matthew Caldwell,LAR,QB,-,-,-,-,,
T636,Derek Carr,NO,QB,-,-,-,-,Reserve-Ret,Undisclosed
T636,Davis Cheek,FA,QB,-,-,-,-,,
T636,Taryn Christion,FA,QB,-,-,-,-,,
T636,Jacob Clark,LV,QB,-,-,-,-,,
491,Sean Clifford,CIN,QB,380.00,-,380.00,-,,
T636,Jack Coan,FA,QB,-,-,-,-,,
T636,Jake Coker,FA,QB,-,-,-,-,,
T636,Brady Cook,NYJ,QB,-,-,-,-,,
T636,Case Cookus,FA,QB,-,-,-,-,,
T636,Chevan Cordeiro,FA,QB,-,-,-,-,,
T636,Matt Corral,FA,QB,-,-,-,-,,
T636,K.J. Costello,FA,QB,-,-,-,-,,
329,Nick Foles,FA,QB,287.50,-,287.50,-,,
T636,Jake Fromm,FA,QB,-,-,-,-,,
T636,Blaine Gabbert,FA,QB,-,-,-,-,,
T636,Brett Gabbert,FA,QB,-,-,-,-,,
T636,Austin Allen,FA,QB,-,-,-,-,,
T636,Brandon Allen,NYG,QB,-,-,-,-,,
T636,Dustin Crum,FA,QB,-,-,-,-,,
585,Andy Dalton,PHI,QB,496.80,-,496.80,-,,
T636,Jalon Daniels,TB,QB,-,-,-,-,,
T636,Max Brosmer,MIN,QB,-,-,-,-,Ques,Thumb
T636,Anthony Brown,FA,QB,-,-,-,-,,
T636,Jake Browning,TB,QB,-,-,-,-,Ques,Back
T636,Ben Bryant,FA,QB,-,-,-,-,,
T636,Shane Buechele,BUF,QB,-,-,-,-,,
T636,Kevin Davidson,FA,QB,-,-,-,-,,
T636,Hunter Dekkers,NO,QB,-,-,-,-,,
545,Tim DeMorat,FA,QB,409.00,-,409.00,-,,
T636,Tommy DeVito,NE,QB,-,-,-,-,,
T636,Ben DiNucci,FA,QB,-,-,-,-,,
571,Joshua Dobbs,DET,QB,452.00,-,452.00,-,,
T636,Jeff Driskel,FA,QB,-,-,-,-,,
T636,Kyron Drones,FA,QB,-,-,-,-,,
327,Max Duggan,FA,QB,286.00,-,286.00,-,,
T636,Jacob Eason,FA,QB,-,-,-,-,,
T636,Sam Ehlinger,DEN,QB,-,-,-,-,,
T636,Taylor Elgersma,FA,QB,-,-,-,-,,
T636,Danny Etling,FA,QB,-,-,-,-,,
T636,Quinn Ewers,MIA,QB,-,-,-,395.80,,
T636,Danny Ezechukwu,FA,QB,-,-,-,-,,
T636,Joe Fagnano,BAL,QB,-,-,-,-,,
T636,Cody Fajardo,FA,QB,-,-,-,-,,
T636,Tyler Ferguson,FA,QB,-,-,-,-,,
T636,Will Grier,CAR,QB,-,-,-,-,Reserve-Ret,Undisclosed
T636,Mark Gronowski,FA,QB,-,-,-,-,,
T636,Jarrett Guarantano,FA,QB,-,-,-,-,,
391,Jake Haener,FA,QB,327.50,-,327.50,-,,
T636,Jaren Hall,FA,QB,-,-,-,-,,
T636,Gavin Hardison,FA,QB,-,-,-,-,,
T636,Felix Harper,FA,QB,-,-,-,-,,
T636,Sam Hartman,WAS,QB,-,-,-,-,,
T636,Taylor Heinicke,FA,QB,-,-,-,-,,
586,Nolan Henderson,FA,QB,497.50,-,497.50,-,,
T636,Seth Henigan,FA,QB,-,-,-,-,,
T636,Chad Henne,FA,QB,-,-,-,-,,
T636,Chase Garbers,FA,QB,-,-,-,-,,
T636,Ethan Garbers,FA,QB,-,-,-,-,,
T636,Jimmy Garoppolo,FA,QB,-,-,-,-,,
T636,Garrett Gilbert,FA,QB,-,-,-,-,,
T636,Mike Glennon,FA,QB,-,-,-,-,,
T636,Nick Fitzgerald,FA,QB,-,-,-,-,,
T636,Anthony Gordon,FA,QB,-,-,-,-,,
563,Sam Howell,DAL,QB,435.00,-,435.00,-,,
T636,Brian Hoyer,FA,QB,-,-,-,-,,
T636,Brett Hundley,FA,QB,-,-,-,-,,
T636,Michael Hiers,FA,QB,-,-,-,-,,
T636,Kevin Hogan,FA,QB,-,-,-,-,,
627,Hendon Hooker,TEN,QB,624.30,-,624.30,-,,
T636,Emory Jones,FA,QB,-,-,-,-,,
T636,Peewee Jarrett,FA,QB,-,-,-,-,,
T636,Connor Jessop,FA,QB,-,-,-,-,,
T636,Josh Johnson,CIN,QB,-,-,-,-,,
587,Will Levis,TEN,QB,503.30,-,503.30,499.50,,
T636,Brian Lewerke,FA,QB,-,-,-,-,,
T636,Levi Lewis,FA,QB,-,-,-,-,,
T636,T.J. Linta,FA,QB,-,-,-,-,,
T636,Chase Litton,FA,QB,-,-,-,-,,
T636,Sefo Liufau,FA,QB,-,-,-,-,,
424,Drew Lock,SEA,QB,347.00,-,347.00,-,,
T636,Rocky Lombardi,FA,QB,-,-,-,-,,
610,Trey Lance,LAC,QB,593.50,-,593.50,-,,
T636,Kyle Lauletta,FA,QB,-,-,-,-,,
T636,DeShone Kizer,FA,QB,-,-,-,-,,
T636,Colin Kaepernick,FA,QB,-,-,-,-,,
580,Athan Kaliakmanis,WAS,QB,472.50,-,472.50,-,,
T636,Case Keenum,CHI,QB,-,-,-,-,,
T636,Cole Kelley,FA,QB,-,-,-,-,,
T636,Chad Kelly,FA,QB,-,-,-,-,,
T636,D'Eriq King,FA,QB,-,-,-,-,,
501,Adrian Martinez,SF,QB,384.50,-,384.50,-,,
T636,John Matocha,FA,QB,-,-,-,-,,
T636,Josh Love,FA,QB,-,-,-,-,,
T636,Jake Luton,FA,QB,-,-,-,-,,
T636,Devin Leary,FA,QB,-,-,-,-,,
T636,Mitch Leidner,FA,QB,-,-,-,-,,
393,Trace McSorley,FA,QB,329.00,-,329.00,-,,
T636,Graham Mertz,HOU,QB,-,-,-,-,IR,Knee - ACL
T636,Cam Miller,MIA,QB,-,-,-,-,,
T636,Jalan McClendon,FA,QB,-,-,-,-,,
T636,Kyle McCord,GB,QB,-,-,-,-,,
608,Colt McCoy,FA,QB,581.00,-,581.00,-,,
T636,Cole McDonald,FA,QB,-,-,-,-,,
T636,Christian Kuntz,PIT,C,-,-,-,-,,
T636,Keith Abney,DET,CB,-,-,-,-,,
T636,Micah Abraham,FA,CB,-,-,-,-,,
T636,Kris Abrams-Draine,DEN,CB,-,-,-,-,,
T636,Paulson Adebo,NYG,CB,-,-,-,-,Ques,Hamstring
T636,Jaire Alexander,FA,CB,-,-,-,-,,
T636,Dee Alford,BUF,CB,-,-,-,-,,
T636,Marcus Allen,MIN,CB,-,-,-,-,,
T636,Trey Amos,WAS,CB,-,-,-,-,Ques,Ankle
T636,Prince Amukamara,FA,CB,-,-,-,-,,
T636,Chigozie Anusiem,LV,CB,-,-,-,-,,
T636,Eli Apple,SF,CB,-,-,-,-,,
T636,Jalyn Armour-Davis,FA,CB,-,-,-,-,Ques,Achilles
T636,Da'Veawn Armstead,MIN,CB,-,-,-,-,,
T636,Cornell Armstrong,FA,CB,-,-,-,-,Ques,Hamstring
T636,Damon Arnette,FA,CB,-,-,-,-,,
T636,Terrion Arnold,SEA,CB,-,-,-,-,,
T636,Alex Austin,MIA,CB,-,-,-,-,,
T636,Brent Austin,DEN,CB,-,-,-,-,,
T636,Tre Avery,CLE,CB,-,-,-,-,,
T636,Chidobe Awuzie,BAL,CB,-,-,-,-,,
T636,Johnson Bademosi,FA,CB,-,-,-,-,,
T636,Darrell Baker,MIA,CB,-,-,-,-,PUP-P,Undisclosed
T636,Johnathan Baldwin,GB,CB,-,-,-,-,IR,Knee
T636,Corey Ballentine,JAX,CB,-,-,-,-,,
T636,Mory Bamba,NYJ,CB,-,-,-,-,,
T636,Deonte Banks,NYG,CB,-,-,-,-,,
T636,Jahdae Barron,DEN,CB,-,-,-,-,,
T636,Shemar Bartholomew,GB,CB,-,-,-,-,,
T636,Miles Battle,MIA,CB,-,-,-,-,,
T636,Dalys Beanum,NO,CB,-,-,-,-,,
T636,Christian Benford,BUF,CB,-,-,-,-,,
T636,Jakorian Bennett,PHI,CB,-,-,-,-,,
T636,Jarrick Bernard-Converse,NYG,CB,-,-,-,-,IR,Knee
T636,Caleb Biggers,FA,CB,-,-,-,-,,
T636,Beanie Bishop,CHI,CB,-,-,-,-,Reserve-Sus,Suspension
T636,Korie Black,NYG,CB,-,-,-,-,,
T636,Mekhi Blackmon,IND,CB,-,-,-,-,,
T636,Josh Blackwell,CHI,CB,-,-,-,-,,
T636,DaRon Bland,DAL,CB,-,-,-,-,,
T636,Isaiah Bolden,FA,CB,-,-,-,-,,
T636,Ethan Bonner,MIA,CB,-,-,-,-,,
T636,Andrew Booth,FA,CB,-,-,-,-,,
T636,Dicaprio Bootle,FA,CB,-,-,-,-,Ques,Undisclosed
T636,Cedric Boswell,FA,CB,-,-,-,-,,
T636,Kris Boyd,FA,CB,-,-,-,-,Ques,Abdomen
T636,Ekow Boye-Doe,FA,CB,-,-,-,-,,
T636,Devan Boykin,PIT,CB,-,-,-,-,,
T636,Lance Boykin,FA,CB,-,-,-,-,,
T636,Christian Braswell,JAX,CB,-,-,-,-,,
T636,JuJu Brents,MIA,CB,-,-,-,-,Ques,Undisclosed
T636,Trikweze Bridges,DAL,CB,-,-,-,-,,
T636,Tyrone Broden,FA,CB,-,-,-,-,Ques,Undisclosed
T636,Natrone Brooks,ATL,CB,-,-,-,-,,
T636,Ike Brown,FA,CB,-,-,-,-,,
T636,Montaric Brown,JAX,CB,-,-,-,-,,
T636,Tony Brown,FA,CB,-,-,-,-,,
T636,Tre Brown,NYJ,CB,-,-,-,-,,
T636,Jarvis Brownlee,NYJ,CB,-,-,-,-,,
T636,Cobee Bryant,ATL,CB,-,-,-,-,,
T636,Myles Bryant,CLE,CB,-,-,-,-,,
T636,Denzel Burke,ARI,CB,-,-,-,-,,
T636,Artie Burns,FA,CB,-,-,-,-,Ques,Knee - ACL
T636,Deante Burton,FA,CB,-,-,-,-,,
T636,Josh Butler,DAL,CB,-,-,-,-,,
T636,Keydrain Calligan,TEN,CB,-,-,-,-,,
T636,James Campbell,FA,CB,-,-,-,-,,
T636,Tyson Campbell,CLE,CB,-,-,-,-,,
T636,Channing Canada,NE,CB,-,-,-,-,,
T636,Jadon Canady,KC,CB,-,-,-,-,,
T636,Brandon Carr,FA,CB,-,-,-,-,,
T636,Caelen Carson,DAL,CB,-,-,-,-,,
T636,Ajani Carter,FA,CB,-,-,-,-,,
T636,Michael Carter,PHI,CB,-,-,-,-,,
T636,T.J. Carter,FA,CB,-,-,-,-,,
T636,Tariq Castro-Fields,PHI,CB,-,-,-,-,Ques,Heel
T636,Tyreek Chappell,MIN,CB,-,-,-,-,,
T636,Brandon Cisse,GB,CB,-,-,-,-,,
T636,Jordan Clark,NYJ,CB,-,-,-,-,,
T636,Kei'Trel Clark,ARI,CB,-,-,-,-,,
T636,Michael Coats,CLE,CB,-,-,-,-,Ques,Ankle
T636,Brandon Codrington,HOU,CB,-,-,-,-,,
T636,Ryan Cooper,DET,CB,-,-,-,-,,
T636,Bryce Cosby,FA,CB,-,-,-,-,,
T636,Blake Cotton,FA,CB,-,-,-,-,Ques,Hamstring
T636,Te'Cory Couch,BUF,CB,-,-,-,-,,
T636,Brandon Crossley,NE,CB,-,-,-,-,,
T636,Elijah Culp,ARI,CB,-,-,-,-,,
T636,Michael Dansby,SEA,CB,-,-,-,-,,
T636,Ronald Darby,FA,CB,-,-,-,-,,
T636,Carlton Davis,NE,CB,-,-,-,-,,
T636,Cortez Davis,FA,CB,-,-,-,-,,
T636,Fred Davis,WAS,CB,-,-,-,-,,
T636,Jaden Davis,FA,CB,-,-,-,-,Ques,Undisclosed
T636,Jalen Davis,CIN,CB,-,-,-,-,,
T636,Michael Davis,FA,CB,-,-,-,-,Ques,Shoulder
T636,Tacario Davis,CIN,CB,-,-,-,-,,
T636,Jamel Dean,PIT,CB,-,-,-,-,,
T636,Mansoor Delane,KC,CB,-,-,-,-,Ques,Shoulder
T636,Charles Demmings,MIN,CB,-,-,-,-,,
T636,M.J. Devonshire,GB,CB,-,-,-,-,,
T636,Malcolm DeWalt,ATL,CB,-,-,-,-,,
T636,Marcellas Dial,NE,CB,-,-,-,-,,
T636,Trevon Diggs,FA,CB,-,-,-,-,,
T636,Thaddeus Dixon,NYG,CB,-,-,-,-,IR,Achilles
T636,Khalil Dorsey,DET,CB,-,-,-,-,,
T636,Rasul Douglas,WAS,CB,-,-,-,-,,
T636,Storm Duck,MIA,CB,-,-,-,-,PUP-P,Knee
T636,Jordan Dunbar,BUF,CB,-,-,-,-,,
T636,Cobie Durant,DAL,CB,-,-,-,-,,
T636,Brandin Echols,PIT,CB,-,-,-,-,Ques,Ankle
T636,Johnathan Edwards,IND,CB,-,-,-,-,,
T636,Wyett Ekeler,FA,CB,-,-,-,-,,
T636,Kaiir Elam,KC,CB,-,-,-,-,,
T636,Martin Emerson,NO,CB,-,-,-,-,,
T636,Kabion Ento,FA,CB,-,-,-,-,,
T636,Akayleb Evans,CAR,CB,-,-,-,-,,
T636,Darren Evans,FA,CB,-,-,-,-,,
T636,Nate Evans,CLE,CB,-,-,-,-,Ques,Quadriceps
T636,Daylen Everette,PIT,CB,-,-,-,-,,
T636,KC Eziomume,CHI,CB,-,-,-,-,IR,Undisclosed
T636,Caleb Farley,FA,CB,-,-,-,-,,
T636,Junior Faulk,FA,CB,-,-,-,-,,
T636,Cor'Dale Flott,TEN,CB,-,-,-,-,,
T636,Dallis Flowers,CHI,CB,-,-,-,-,IR,Leg
T636,Tre Flowers,FA,CB,-,-,-,-,,
T636,Emmanuel Forbes,LAR,CB,-,-,-,-,,
T636,Mike Ford,ATL,CB,-,-,-,-,,
T636,Tyrell Ford,FA,CB,-,-,-,-,,
T636,Nyzier Fourqurean,LAR,CB,-,-,-,-,,
T636,Zah Frazier,FA,CB,-,-,-,-,,
T636,Andre Fuller,SEA,CB,-,-,-,-,,
T636,Kendall Fuller,FA,CB,-,-,-,-,,
T636,Travon Fuller,FA,CB,-,-,-,-,,
T636,Kristian Fulton,KC,CB,-,-,-,-,,
T636,Tyrek Funderburk,CAR,CB,-,-,-,-,,
T636,Rico Gafford,FA,CB,-,-,-,-,,
T636,Don Gardner,FA,CB,-,-,-,-,,
T636,Sauce Gardner,IND,CB,-,-,-,-,Ques,Illness
T636,Mekhi Garner,FA,CB,-,-,-,-,,
T636,Ayden Garnes,TB,CB,-,-,-,-,,
T636,Eric Garror,FA,CB,-,-,-,-,,
T636,Allan George,FA,CB,-,-,-,-,,
T636,Kenneth George,FA,CB,-,-,-,-,,
T636,Zyon Gilbert,FA,CB,-,-,-,-,,
T636,Jy Gilmore,FA,CB,-,-,-,-,,
T636,Steven Gilmore,FA,CB,-,-,-,-,,
T636,Christian Gonzalez,NE,CB,-,-,-,-,Ques,Ankle
T636,Mario Goodrich,TEN,CB,-,-,-,-,,
T636,Kyler Gordon,CHI,CB,-,-,-,-,PUP-P,Calf
T636,Thomas Graham,FA,CB,-,-,-,-,,
T636,Nick Grant,FA,CB,-,-,-,-,,
T636,A.J. Green,MIA,CB,-,-,-,-,,
T636,Art Green,NYG,CB,-,-,-,-,,
T636,Renardo Green,SF,CB,-,-,-,-,,
T636,Shaquill Griffin,FA,CB,-,-,-,-,,
T636,Jaylon Guilbeau,FA,CB,-,-,-,-,Ques,Undisclosed
T636,Kamal Hadden,GB,CB,-,-,-,-,,
T636,Devin Hafford,FA,CB,-,-,-,-,,
T636,Maxwell Hairston,BUF,CB,-,-,-,-,,
T636,Bryce Hall,FA,CB,-,-,-,-,,
T636,Darren Hall,ATL,CB,-,-,-,-,,
T636,Kemon Hall,FA,CB,-,-,-,-,Ques,Undisclosed
T636,Stephen Hall,HOU,CB,-,-,-,-,,
T636,TJ Hall,NO,CB,-,-,-,-,,
T636,Tyler Hall,CLE,CB,-,-,-,-,,
T636,Al'zillion Hamilton,LAR,CB,-,-,-,-,,
T636,Antonio Hamilton,WAS,CB,-,-,-,-,,
T636,Elijah Hamilton,FA,CB,-,-,-,-,,
T636,Matt Hankins,FA,CB,-,-,-,-,,
T636,Justin Hardee,FA,CB,-,-,-,-,Ques,Undisclosed
T636,Myles Harden,CLE,CB,-,-,-,-,,
T636,Daequan Hardy,PIT,CB,-,-,-,-,IR,Undisclosed
T636,Kenneth Harris,NE,CB,-,-,-,-,,
T636,Marcus Harris,TEN,CB,-,-,-,-,,
T636,Cam Hart,LAC,CB,-,-,-,-,,
T636,Ahmari Harvey,MIA,CB,-,-,-,-,,
T636,Tre Hawkins,FA,CB,-,-,-,-,Ques,Undisclosed
T636,Josh Hayes,TB,CB,-,-,-,-,,
T636,Amari Henderson,FA,CB,-,-,-,-,,
T636,C.J. Henderson,ATL,CB,-,-,-,-,,
T636,Tre Herndon,FA,CB,-,-,-,-,,
T636,Tyron Herring,CLE,CB,-,-,-,-,IR,Undisclosed
T636,Faion Hicks,FA,CB,-,-,-,-,,
T636,Dax Hill,CIN,CB,-,-,-,-,Ques,Hamstring
T636,Nijuel Hill,FA,CB,-,-,-,-,,
T636,Troy Hill,FA,CB,-,-,-,-,,
T636,Mike Hilton,FA,CB,-,-,-,-,Ques,Shoulder
T636,Nate Hobbs,SF,CB,-,-,-,-,Ques,Groin
T636,Preston Hodge,JAX,CB,-,-,-,-,,
T636,Ka'dar Hollman,FA,CB,-,-,-,-,,
T636,Darnay Holmes,ATL,CB,-,-,-,-,,
T636,Colton Hood,NYG,CB,-,-,-,-,,
T636,Delonte Hood,FA,CB,-,-,-,-,,
T636,Jaycee Horn,CAR,CB,-,-,-,-,,
T636,Xavien Howard,FA,CB,-,-,-,-,,
T636,Mike Hughes,ATL,CB,-,-,-,-,,
T636,Marlon Humphrey,BAL,CB,-,-,-,-,Ques,Undisclosed
T636,Alijah Huzzie,HOU,CB,-,-,-,-,,
T636,Noah Igbinoghene,SEA,CB,-,-,-,-,,
T636,Davison Igbinosun,BUF,CB,-,-,-,-,,
T636,Ja'Marcus Ingram,HOU,CB,-,-,-,-,Ques,Shoulder
T636,Keenan Isaac,FA,CB,-,-,-,-,,
T636,DJ Ivey,CIN,CB,-,-,-,-,,
T636,Adoree' Jackson,FA,CB,-,-,-,-,,
T636,Dane Jackson,JAX,CB,-,-,-,-,Reserve-Ret,Personal
T636,Domani Jackson,GB,CB,-,-,-,-,Ques,Abdomen
T636,Donte Jackson,LAC,CB,-,-,-,-,,
T636,Lamar Jackson,FA,CB,-,-,-,-,,
T636,Mike Jackson,CAR,CB,-,-,-,-,,
T636,DJ James,NYG,CB,-,-,-,-,IR,Undisclosed
T636,D'Shawn Jamison,PIT,CB,-,-,-,-,,
T636,Shemar Jean-Charles,SEA,CB,-,-,-,-,,
T636,Josh Jobe,SEA,CB,-,-,-,-,,
T636,Alex Johnson,LAR,CB,-,-,-,-,,
T636,Brandon Johnson,FA,CB,-,-,-,-,Ques,Undisclosed
T636,Chris Johnson,MIA,CB,-,-,-,-,,
T636,Isaiah Johnson,FA,CB,-,-,-,-,Ques,Knee - ACL
T636,Jaylon Johnson,CHI,CB,-,-,-,-,,
T636,Leonard Johnson,FA,CB,-,-,-,-,,
T636,Nazeeh Johnson,TEN,CB,-,-,-,-,Reserve-Sus,Suspension
T636,Taron Johnson,LV,CB,-,-,-,-,,
T636,Will Johnson,ARI,CB,-,-,-,-,,
T636,Shaun Jolly,FA,CB,-,-,-,-,,
T636,Chris Jones,FA,CB,-,-,-,-,,
T636,DaShawn Jones,FA,CB,-,-,-,-,,
T636,Devin Jones,FA,CB,-,-,-,-,,
T636,Dom Jones,FA,CB,-,-,-,-,Ques,Knee
T636,Elijah Jones,FA,CB,-,-,-,-,,
T636,Elijah Jones,ARI,CB,-,-,-,-,,
T636,Jack Jones,SF,CB,-,-,-,-,,
T636,Jarrian Jones,JAX,CB,-,-,-,-,,
T636,Jaylon Jones,CHI,CB,-,-,-,-,,
T636,Jaylon Jones,IND,CB,-,-,-,-,,
T636,Jonathan Jones,PHI,CB,-,-,-,-,Ques,Shoulder
T636,Marcus Jones,NE,CB,-,-,-,-,,
T636,Marlon Jones,GB,CB,-,-,-,-,IR,Undisclosed
T636,Nic Jones,NYG,CB,-,-,-,-,,
T636,Kelvin Joseph,FA,CB,-,-,-,-,,
T636,Kyu Blu Kelly,FA,CB,-,-,-,-,Ques,Knee
T636,Anthony Kendall,BUF,CB,-,-,-,-,,
T636,Derion Kendrick,DAL,CB,-,-,-,-,,
T636,Donte Kent,PIT,CB,-,-,-,-,PUP-P,Undisclosed
T636,Jalen Kimber,CIN,CB,-,-,-,-,,
T636,Desmond King,FA,CB,-,-,-,-,,
T636,Kalen King,ARI,CB,-,-,-,-,,
T636,Kevin King,FA,CB,-,-,-,-,Ques,Undisclosed
T636,Luther Kirk,FA,CB,-,-,-,-,,
T636,Kader Kohou,KC,CB,-,-,-,-,Ques,Knee
T636,Bilhal Kone,BAL,CB,-,-,-,-,,
T636,Chris Lammons,FA,CB,-,-,-,-,Ques,Foot
T636,Cam Lampkin,LAR,CB,-,-,-,-,,
T636,Kamari Lassiter,HOU,CB,-,-,-,-,,
T636,Marshon Lattimore,FA,CB,-,-,-,-,Ques,Knee - ACL
T636,Des Lawrence,FA,CB,-,-,-,-,,
T636,Will Lee,CAR,CB,-,-,-,-,,
T636,Deommodore Lenoir,SF,CB,-,-,-,-,,
T636,Deane Leonard,LAC,CB,-,-,-,-,,
T636,Jourdan Lewis,JAX,CB,-,-,-,-,,
T636,David Long,FA,CB,-,-,-,-,Ques,Undisclosed
T636,Robert Longerbeam,BAL,CB,-,-,-,-,,
T636,Keni-H Lovely,FA,CB,-,-,-,-,,
T636,Duron Lowe,FA,CB,-,-,-,-,,
T636,Chase Lucas,TB,CB,-,-,-,-,IR,Undisclosed
T636,Jeadyn Lukus,CLE,CB,-,-,-,-,,
T636,Darrell Luter,SF,CB,-,-,-,-,,
T636,Bralyn Lux,CIN,CB,-,-,-,-,,
T636,Tamon Lynum,PIT,CB,-,-,-,-,,
T636,Avonte Maddox,DET,CB,-,-,-,-,,
T636,Jason Maitre,FA,CB,-,-,-,-,Ques,Undisclosed
T636,Dontae Manning,CHI,CB,-,-,-,-,,
T636,Paul Manning,FA,CB,-,-,-,-,Ques,Undisclosed
T636,Devon Marshall,JAX,CB,-,-,-,-,,
T636,Jason Marshall,MIA,CB,-,-,-,-,,
T636,Keyon Martin,BAL,CB,-,-,-,-,,
T636,Hezekiah Masses,LV,CB,-,-,-,-,,
T636,Damarri Mathis,CLE,CB,-,-,-,-,IR,Undisclosed
T636,Arthur Maulet,FA,CB,-,-,-,-,,
T636,Mac McCain,FA,CB,-,-,-,-,,
T636,Jeremiah McClendon,CLE,CB,-,-,-,-,,
T636,Nick McCloud,MIA,CB,-,-,-,-,,
T636,Zyon McCollum,TB,CB,-,-,-,-,,
T636,Jermod McCoy,LV,CB,-,-,-,-,,
T636,Roger McCreary,DET,CB,-,-,-,-,,
T636,Deshawn McCuin,FA,CB,-,-,-,-,,
T636,Cameron McCutcheon,FA,CB,-,-,-,-,,
T636,Latrell McCutchin,FA,CB,-,-,-,-,Ques,Undisclosed
T636,Matthew McDoom,CIN,CB,-,-,-,-,,
T636,Trent McDuffie,LAR,CB,-,-,-,-,,
T636,Dwight McGlothern,MIN,CB,-,-,-,-,Ques,Hip
T636,Kool-Aid McKinstry,NO,CB,-,-,-,-,,
T636,Kyler McMichael,FA,CB,-,-,-,-,,
T636,Jai'Onte' McMillan,IND,CB,-,-,-,-,,
T636,Ja'Quan McMillian,DEN,CB,-,-,-,-,,
T636,Jalen McMurray,TEN,CB,-,-,-,-,,
T636,Zech McPhearson,LAR,CB,-,-,-,-,,
T636,Mac McWilliams,PHI,CB,-,-,-,-,,
T636,Max Melton,ARI,CB,-,-,-,-,,
T636,Cam Miller,CAR,CB,-,-,-,-,,
T636,D.J. Miller,BUF,CB,-,-,-,-,,
T636,Kobee Minor,NE,CB,-,-,-,-,,
T636,Cameron Mitchell,IND,CB,-,-,-,-,IR,Undisclosed
T636,Quinyon Mitchell,PHI,CB,-,-,-,-,Ques,Lower Body
T636,Devin Moore,DAL,CB,-,-,-,-,,
T636,Kenny Moore,FA,CB,-,-,-,-,,
T636,T.J. Moore,FA,CB,-,-,-,-,,
T636,Fabian Moreau,WAS,CB,-,-,-,-,,
T636,Benjamin Morrison,TB,CB,-,-,-,-,,
T636,Malkelm Morrison,FA,CB,-,-,-,-,,
T636,Emmanuel Moseley,FA,CB,-,-,-,-,Ques,Illness
T636,Quandre Mosely,FA,CB,-,-,-,-,,
T636,Riley Moss,DEN,CB,-,-,-,-,,
T636,Jabbar Muhammad,JAX,CB,-,-,-,-,,
T636,Malik Muhammad,CHI,CB,-,-,-,-,,
T636,Byron Murphy,MIN,CB,-,-,-,-,,
T636,Sean Murphy-Bunting,ARI,CB,-,-,-,-,,
T636,Julian Neal,SEA,CB,-,-,-,-,Ques,Leg
T636,Nik Needham,FA,CB,-,-,-,-,,
T636,Greg Newsome,NYG,CB,-,-,-,-,Ques,Knee
T636,Quinton Newsome,ARI,CB,-,-,-,-,,
T636,Josh Newton,CIN,CB,-,-,-,-,,
T636,DeCarlos Nicholson,CAR,CB,-,-,-,-,,
T636,Parry Nickerson,FA,CB,-,-,-,-,,
T636,Keisean Nixon,GB,CB,-,-,-,-,,
T636,Drey Norwood,FA,CB,-,-,-,-,Ques,Undisclosed
T636,Caleb Offord,LV,CB,-,-,-,-,,
T636,Jeff Okudah,FA,CB,-,-,-,-,Ques,Concussion
T636,Jordan Oladokun,FA,CB,-,-,-,-,,
T636,Donovan Olumba,FA,CB,-,-,-,-,,
T636,Amani Oruwariye,BAL,CB,-,-,-,-,,
T636,Roman Parodie,TB,CB,-,-,-,-,,
T636,Jacob Parrish,TB,CB,-,-,-,-,,
T636,Rico Payton,NYG,CB,-,-,-,-,IR,Undisclosed
T636,D'Arco Perkins-McAllister,KC,CB,-,-,-,-,,
T636,Patrick Peterson,FA,CB,-,-,-,-,,
T636,Bryce Phillips,FA,CB,-,-,-,-,,
T636,Clark Phillips,ATL,CB,-,-,-,-,,
T636,Dru Phillips,NYG,CB,-,-,-,-,Ques,Knee
T636,James Pierre,MIN,CB,-,-,-,-,,
T636,Jalen Pitre,HOU,CB,-,-,-,-,,
T636,Derrek Pitts,FA,CB,-,-,-,-,,
T636,Carlins Platel,FA,CB,-,-,-,-,,
T636,D'Angelo Ponds,NYJ,CB,-,-,-,-,Ques,Calf
T636,Darien Porter,LV,CB,-,-,-,-,,
T636,Daryl Porter,PIT,CB,-,-,-,-,,
T636,Jackson Porter,FA,CB,-,-,-,-,,
T636,Joey Porter,PIT,CB,-,-,-,-,PUP-P,Back
T636,Bobby Price,FA,CB,-,-,-,-,,
T636,Jayden Price,NO,CB,-,-,-,-,,
T636,Toriano Pride,BUF,CB,-,-,-,-,,
T636,Troy Pride,FA,CB,-,-,-,-,,
T636,De'Antre Prince,FA,CB,-,-,-,-,,
T636,Nehemiah Pritchett,SEA,CB,-,-,-,-,,
T636,Karon Prunty,NE,CB,-,-,-,-,,
T636,Ephesians Prysock,SF,CB,-,-,-,-,,
T636,Myles Purchase,LAC,CB,-,-,-,-,,
T636,Brendan Radley-Hiles,FA,CB,-,-,-,-,,
T636,Ennis Rakestraw,DET,CB,-,-,-,-,Ques,Upper Body
T636,D.J. Reed,DET,CB,-,-,-,-,Ques,Groin
T636,Nikko Reed,LAC,CB,-,-,-,-,,
T636,Michael Reid,NO,CB,-,-,-,-,,
T636,Shavon Revel,DAL,CB,-,-,-,-,,
T636,Decamerion Richardson,LV,CB,-,-,-,-,,
T636,Eli Ricks,FA,CB,-,-,-,-,,
T636,Quincy Riley,NO,CB,-,-,-,-,,
T636,Kelee Ringo,PHI,CB,-,-,-,-,,
T636,Chandler Rivers,BAL,CB,-,-,-,-,,
T636,Amik Robertson,WAS,CB,-,-,-,-,,
T636,Nickell Robey-Coleman,FA,CB,-,-,-,-,,
T636,Ethan Robinson,MIA,CB,-,-,-,-,,
T636,Jaden Robinson,FA,CB,-,-,-,-,Ques,Undisclosed
T636,Jakob Robinson,SF,CB,-,-,-,-,,
T636,Marquise Robinson,BAL,CB,-,-,-,-,,
T636,Micah Robinson,TEN,CB,-,-,-,-,,
T636,Robert Rochell,CAR,CB,-,-,-,-,,
T636,Isaiah Rodgers,MIN,CB,-,-,-,-,,
T636,Eric Rogers,LAC,CB,-,-,-,-,,
T636,Christian Roland-Wallace,KC,CB,-,-,-,-,Ques,Back
T636,D'Angelo Ross,CLE,CB,-,-,-,-,,
T636,De'Shawn Rucker,FA,CB,-,-,-,-,Ques,Ankle
T636,Darius Rush,WAS,CB,-,-,-,-,,
T636,KeiVarae Russell,FA,CB,-,-,-,-,,
T636,Mike Sainristil,WAS,CB,-,-,-,-,,
T636,Asante Samuel,PIT,CB,-,-,-,-,,
T636,Marcus Sayles,FA,CB,-,-,-,-,,
T636,Eric Scott,FA,CB,-,-,-,-,,
T636,Keionte Scott,TB,CB,-,-,-,-,,
T636,Kevon Seymour,FA,CB,-,-,-,-,,
T636,Kendall Sheffield,FA,CB,-,-,-,-,Ques,Undisclosed
T636,Duke Shelley,FA,CB,-,-,-,-,,
T636,Rodney Shelley,LAC,CB,-,-,-,-,,
T636,Jaylin Simpson,GB,CB,-,-,-,-,,
T636,Doneiko Slaughter,PIT,CB,-,-,-,-,,
T636,Darius Slay,FA,CB,-,-,-,-,Reserve-Ret,Undisclosed
T636,Avery Smith,LAC,CB,-,-,-,-,,
T636,Cam Smith,FA,CB,-,-,-,-,,
T636,Jaylin Smith,HOU,CB,-,-,-,-,,
T636,Keidron Smith,ATL,CB,-,-,-,-,,
T636,Melvin Smith,KC,CB,-,-,-,-,,
T636,Terell Smith,CHI,CB,-,-,-,-,Ques,Knee
T636,Tremon Smith,HOU,CB,-,-,-,-,,
T636,Chau Smith-Wade,CAR,CB,-,-,-,-,,
T636,L'Jarius Sneed,KC,CB,-,-,-,-,Ques,Knee
T636,Ameer Speed,DAL,CB,-,-,-,-,,
T636,Benjamin St-Juste,GB,CB,-,-,-,-,,
T636,Brandon Stephens,NYJ,CB,-,-,-,-,,
T636,Tyrique Stevenson,CHI,CB,-,-,-,-,,
T636,Reddy Steward,DAL,CB,-,-,-,-,,
T636,Qwan'tez Stiggers,NYJ,CB,-,-,-,-,Ques,Undisclosed
T636,Tarheeb Still,LAC,CB,-,-,-,-,,
T636,Derek Stingley,HOU,CB,-,-,-,-,,
T636,Eric Stokes,LV,CB,-,-,-,-,,
T636,Upton Stout,SF,CB,-,-,-,-,,
T636,Greg Stroman,FA,CB,-,-,-,-,,
T636,Dorian Strong,BUF,CB,-,-,-,-,NFI-R,Neck
T636,Patrick Surtain,DEN,CB,-,-,-,-,,
T636,Cameron Sutton,FA,CB,-,-,-,-,,
T636,T.J. Tampa,BAL,CB,-,-,-,-,,
T636,Alontae Taylor,TEN,CB,-,-,-,-,,
T636,Ja'Sir Taylor,CIN,CB,-,-,-,-,,
T636,Keith Taylor,FA,CB,-,-,-,-,Ques,Undisclosed
T636,Reese Taylor,DEN,CB,-,-,-,-,,
T636,Cam Taylor-Britt,IND,CB,-,-,-,-,Reserve-Sus,Suspension
T636,A.J. Terrell,ATL,CB,-,-,-,-,,
T636,Avieon Terrell,ATL,CB,-,-,-,-,,
T636,Ambry Thomas,PHI,CB,-,-,-,-,,
T636,Azareye'h Thomas,NYJ,CB,-,-,-,-,,
T636,Starling Thomas,ARI,CB,-,-,-,-,,
T636,Tavierre Thomas,MIN,CB,-,-,-,-,,
T636,Stantley Thomas-Oliver,FA,CB,-,-,-,-,,
T636,NaJee Thompson,FA,CB,-,-,-,-,,
T636,Corey Thornton,CAR,CB,-,-,-,-,,
T636,Tre Tomlinson,FA,CB,-,-,-,-,,
T636,Cory Trice,FA,CB,-,-,-,-,Ques,Knee
T636,DJ Turner,CIN,CB,-,-,-,-,,
T636,Carrington Valentine,GB,CB,-,-,-,-,Ques,Hamstring
T636,Greedy Vance,LV,CB,-,-,-,-,,
T636,Zemaiah Vaughn,MIN,CB,-,-,-,-,,
T636,Zelmar Vedder,KC,CB,-,-,-,-,,
T636,David Vereen,FA,CB,-,-,-,-,,
T636,Car'lin Vigers,WAS,CB,-,-,-,-,,
T636,Kindle Vildor,NE,CB,-,-,-,-,,
T636,Shaun Wade,PHI,CB,-,-,-,-,,
T636,Kani Walker,BUF,CB,-,-,-,-,,
T636,Josh Wallace,LAR,CB,-,-,-,-,,
T636,Levi Wallace,FA,CB,-,-,-,-,,
T636,Justin Walley,IND,CB,-,-,-,-,,
T636,Charvarius Ward,IND,CB,-,-,-,-,Ques,Back
T636,Denzel Ward,CLE,CB,-,-,-,-,,
T636,Jaylen Watson,LAR,CB,-,-,-,-,,
T636,Isas Waxter,LAC,CB,-,-,-,-,,
T636,Sam Webb,NYG,CB,-,-,-,-,,
T636,Chris Westry,FA,CB,-,-,-,-,,
T636,Ryan White,FA,CB,-,-,-,-,,
T636,Tre'Davious White,FA,CB,-,-,-,-,,
T636,Nick Whiteside,DET,CB,-,-,-,-,,
T636,Nate Wiggins,BAL,CB,-,-,-,-,Ques,Leg
T636,Damarion Williams,TB,CB,-,-,-,-,,
T636,Darious Williams,LAR,CB,-,-,-,-,Reserve-Ret,Undisclosed
T636,Dee Williams,FA,CB,-,-,-,-,,
T636,Garrett Williams,ARI,CB,-,-,-,-,PUP-P,Achilles
T636,Jaylin Williams,FA,CB,-,-,-,-,,
T636,Josh Williams,TEN,CB,-,-,-,-,,
T636,Nohl Williams,KC,CB,-,-,-,-,,
T636,Divaad Wilson,FA,CB,-,-,-,-,Ques,Undisclosed
T636,Marco Wilson,MIA,CB,-,-,-,-,,
T636,Ahkello Witherspoon,WAS,CB,-,-,-,-,Reserve-Ret,Personal
T636,Devon Witherspoon,SEA,CB,-,-,-,-,,
T636,Samuel Womack,NYJ,CB,-,-,-,-,,
T636,A.J. Woods,ATL,CB,-,-,-,-,,
T636,Charles Woods,NE,CB,-,-,-,-,,
T636,Riq Woolen,PHI,CB,-,-,-,-,,
T636,Ceyair Wright,CIN,CB,-,-,-,-,Reserve-Ex,Undisclosed
T636,Collin Wright,HOU,CB,-,-,-,-,Ques,Undisclosed
T636,Nahshon Wright,NYJ,CB,-,-,-,-,Ques,Hip
T636,Rejzohn Wright,NO,CB,-,-,-,-,,
T636,Rock Ya-Sin,DET,CB,-,-,-,-,,
T636,Isaac Yiadom,NO,CB,-,-,-,-,,
T636,Abu Daramy-Swaray,FA,DB,-,-,-,-,,
T636,Mario Addison,FA,DE,-,-,-,-,,
T636,David Agoha,FA,DE,-,-,-,-,,
T636,Brevin Allen,FA,DE,-,-,-,-,,
T636,Henry Anderson,FA,DE,-,-,-,-,,
T636,Ryder Anderson,FA,DE,-,-,-,-,,
T636,Will Anderson,HOU,DE,-,-,-,-,,
T636,Vincent Anthony,KC,DE,-,-,-,-,,
T636,Felix Anudike-Uzomah,KC,DE,-,-,-,-,,
T636,Dorance Armstrong,WAS,DE,-,-,-,-,Reserve-Sus,Suspension
T636,Denico Autry,FA,DE,-,-,-,-,,
T636,Genard Avery,FA,DE,-,-,-,-,,
T636,Allen Bailey,FA,DE,-,-,-,-,,
T636,David Bailey,NYJ,DE,-,-,-,-,,
T636,Derek Barnett,FA,DE,-,-,-,-,,
T636,Tyler Baron,NYJ,DE,-,-,-,-,PUP-P,Knee
T636,Alex Barrett,FA,DE,-,-,-,-,,
T636,Robert Beal,MIA,DE,-,-,-,-,,
T636,Levi Bell,FA,DE,-,-,-,-,,
T636,Rayshaun Benny,BAL,DE,-,-,-,-,,
T636,Rashod Berry,FA,DE,-,-,-,-,,
T636,Angelo Blackson,FA,DE,-,-,-,-,,
T636,Austin Booker,CHI,DE,-,-,-,-,,
T636,Joey Bosa,FA,DE,-,-,-,-,,
T636,Nick Bosa,SF,DE,-,-,-,-,Ques,Knee - ACL
T636,Derrick Brown,CAR,DE,-,-,-,-,Ques,Knee
T636,Earnest Brown,TEN,DE,-,-,-,-,,
T636,Markaviest Bryant,FA,DE,-,-,-,-,,
T636,Jonathan Bullard,DAL,DE,-,-,-,-,Ques,Hamstring
T636,Jordan Burch,ARI,DE,-,-,-,-,,
T636,Ethan Burke,BAL,DE,-,-,-,-,,
T636,Solomon Byrd,HOU,DE,-,-,-,-,,
T636,Calais Campbell,BAL,DE,-,-,-,-,,
T636,T.J. Carter,FA,DE,-,-,-,-,,
T636,Mackendy Cheridor,FA,DE,-,-,-,-,,
T636,Bradley Chubb,BUF,DE,-,-,-,-,,
T636,Adrian Clayborn,FA,DE,-,-,-,-,,
T636,Micheal Clemons,IND,DE,-,-,-,-,,
T636,Kameron Cline,FA,DE,-,-,-,-,,
T636,Jadeveon Clowney,HOU,DE,-,-,-,-,,
T636,Myles Cole,NO,DE,-,-,-,-,,
T636,Seth Coleman,FA,DE,-,-,-,-,,
T636,Gus Cumberlander,FA,DE,-,-,-,-,,
T636,Caden Curry,IND,DE,-,-,-,-,,
T636,Mike Danna,BUF,DE,-,-,-,-,,
T636,Marcus Davenport,FA,DE,-,-,-,-,,
T636,Devean Deal,FA,DE,-,-,-,-,,
T636,De'Shaan Dixon,FA,DE,-,-,-,-,,
T636,Michael Dogbe,FA,DE,-,-,-,-,,
T636,Ethan Downs,KC,DE,-,-,-,-,IR,Knee - ACL
T636,Anthony Dunn,KC,DE,-,-,-,-,,
T636,Quindarius Dunnigan,JAX,DE,-,-,-,-,,
T636,Zach Durfee,JAX,DE,-,-,-,-,,
T636,Samson Ebukam,ATL,DE,-,-,-,-,,
T636,Paschal Ekeji,NYJ,DE,-,-,-,-,,
T636,Kingsley Enagbare,NYJ,DE,-,-,-,-,Ques,Undisclosed
T636,A.J. Epenesa,PHI,DE,-,-,-,-,,
T636,Logan Fano,CLE,DE,-,-,-,-,,
T636,Keldric Faulk,TEN,DE,-,-,-,-,,
T636,Viliami Fehoko,FA,DE,-,-,-,-,,
T636,Clelin Ferrell,MIA,DE,-,-,-,-,Ques,Undisclosed
T636,Michael Fletcher,FA,DE,-,-,-,-,,
T636,Leonard Floyd,FA,DE,-,-,-,-,,
T636,Isaiah Foskey,CIN,DE,-,-,-,-,,
T636,Morgan Fox,FA,DE,-,-,-,-,,
T636,John Franklin-Myers,TEN,DE,-,-,-,-,,
T636,Amari Gainer,NE,DE,-,-,-,-,,
T636,Jalan Gaines,SEA,DE,-,-,-,-,,
T636,Patrick Gamble,FA,DE,-,-,-,-,,
T636,Myles Garrett,LAR,DE,-,-,-,-,Ques,Knee
T636,Jonathan Garvin,CHI,DE,-,-,-,-,IR,Undisclosed
T636,Joe Gaziano,FA,DE,-,-,-,-,,
T636,William Gholston,FA,DE,-,-,-,-,,
T636,Ashton Gillotte,KC,DE,-,-,-,-,Ques,Hamstring
T636,Anthony Goodlow,PIT,DE,-,-,-,-,,
T636,Ta'Quon Graham,FA,DE,-,-,-,-,,
T636,Carl Granderson,NO,DE,-,-,-,-,,
T636,BJ Green,JAX,DE,-,-,-,-,,
T636,Yetur Gross-Matos,FA,DE,-,-,-,-,,
T636,George Gumbs,IND,DE,-,-,-,-,,
T636,Logan Hall,HOU,DE,-,-,-,-,,
T636,Jalen Harris,FA,DE,-,-,-,-,,
T636,Zach Harrison,ATL,DE,-,-,-,-,,
T636,Sabastian Harsh,HOU,DE,-,-,-,-,,
T636,Jahfari Harvey,LV,DE,-,-,-,-,,
T636,Ahmed Hassanein,DET,DE,-,-,-,-,,
T636,Michael Heldman,NO,DE,-,-,-,-,,
T636,Trey Hendrickson,BAL,DE,-,-,-,-,,
T636,KJ Henry,SF,DE,-,-,-,-,IR,Undisclosed
T636,Malik Herring,TEN,DE,-,-,-,-,,
T636,Josh Hines-Allen,JAX,DE,-,-,-,-,,
T636,Michael Hoecht,BUF,DE,-,-,-,-,Ques,Achilles
T636,Jalyn Holmes,TEN,DE,-,-,-,-,,
T636,Xavier Holmes,NE,DE,-,-,-,-,,
T636,Yasir Holmes,TB,DE,-,-,-,-,,
T636,Dylan Horton,HOU,DE,-,-,-,-,,
T636,Cashius Howell,CIN,DE,-,-,-,-,,
T636,Aidan Hubbard,SEA,DE,-,-,-,-,,
T636,Sam Hubbard,FA,DE,-,-,-,-,,
T636,Bryce Huff,FA,DE,-,-,-,-,,
T636,Jerry Hughes,FA,DE,-,-,-,-,,
T636,Kody Huisman,FA,DE,-,-,-,-,,
T636,Adin Huntington,CLE,DE,-,-,-,-,,
T636,Quintayvious Hutchins,NE,DE,-,-,-,-,,
T636,Aidan Hutchinson,DET,DE,-,-,-,-,,
T636,Gabe Jacas,NE,DE,-,-,-,-,,
T636,Landon Jackson,BUF,DE,-,-,-,-,,
T636,Keyshawn James-Newby,PHI,DE,-,-,-,-,Ques,Ankle
T636,Javontae Jean-Baptiste,WAS,DE,-,-,-,-,,
T636,Cedric Johnson,CIN,DE,-,-,-,-,,
T636,Desjuan Johnson,LAR,DE,-,-,-,-,,
T636,DJ Johnson,WAS,DE,-,-,-,-,,
T636,Jaylen Johnson,FA,DE,-,-,-,-,,
T636,Jermaine Johnson,TEN,DE,-,-,-,-,,
T636,Kingsley Jonathan,NYJ,DE,-,-,-,-,Ques,Thigh
T636,Andre Jones,BUF,DE,-,-,-,-,,
T636,Chandler Jones,FA,DE,-,-,-,-,,
T636,Marvin Jones,SEA,DE,-,-,-,-,,
T636,Sai'vion Jones,DEN,DE,-,-,-,-,,
T636,Cameron Jordan,NO,DE,-,-,-,-,Ques,Hamstring
T636,Drew Jordan,FA,DE,-,-,-,-,,
T636,Daniel Joseph,FA,DE,-,-,-,-,,
T636,Joshua Josephs,WAS,DE,-,-,-,-,,
T636,Matthew Judon,FA,DE,-,-,-,-,,
T636,George Karlaftis,KC,DE,-,-,-,-,,
T636,Malcolm Koonce,LV,DE,-,-,-,-,,
T636,Tanoh Kpassagnon,FA,DE,-,-,-,-,,
T636,Tyler Lacy,DET,DE,-,-,-,-,,
T636,Isaiah Land,DAL,DE,-,-,-,-,,
T636,Laiatu Latu,IND,DE,-,-,-,-,,
T636,Shaq Lawson,FA,DE,-,-,-,-,,
T636,Tevin Lawson,FA,DE,-,-,-,-,,
T636,DeMarvin Leal,FA,DE,-,-,-,-,,
T636,Titus Leo,SF,DE,-,-,-,-,,
T636,Tyquan Lewis,FA,DE,-,-,-,-,,
T636,Max Llewellyn,MIA,DE,-,-,-,-,,
T636,Jalen Logan-Redding,FA,DE,-,-,-,-,,
T636,LaCale London,ATL,DE,-,-,-,-,,
T636,Isaiahh Loudermilk,MIN,DE,-,-,-,-,,
T636,Dean Lowry,PIT,DE,-,-,-,-,,
T636,Anthony Lucas,DET,DE,-,-,-,-,,
T636,T.J. Maguranyanga,WAS,DE,-,-,-,-,,
T636,Jeremiah Martin,CHI,DE,-,-,-,-,,
T636,Will McDonald,NYJ,DE,-,-,-,-,,
T636,Tamatoa Mcdonough,FA,DE,-,-,-,-,,
T636,Rodney McGraw,MIA,DE,-,-,-,-,,
T636,Braiden McGregor,NYJ,DE,-,-,-,-,,
T636,Isaiah McGuire,CLE,DE,-,-,-,-,,
T636,Takkarist McKinley,FA,DE,-,-,-,-,,
T636,TK McLendon,FA,DE,-,-,-,-,,
T636,Jalen McLeod,JAX,DE,-,-,-,-,,
T636,Mitchell Melton,IND,DE,-,-,-,-,,
T636,Eli Mencer,FA,DE,-,-,-,-,,
T636,Von Miller,FA,DE,-,-,-,-,,
T636,DaMarcus Mitchell,FA,DE,-,-,-,-,,
T636,Damontre Moore,FA,DE,-,-,-,-,,
T636,Derrick Moore,DET,DE,-,-,-,-,Ques,Groin
T636,Mike Morris,SEA,DE,-,-,-,-,,
T636,Al-Quadin Muhammad,TB,DE,-,-,-,-,,
T636,Myles Murphy,CIN,DE,-,-,-,-,Ques,Undisclosed
T636,Mapalo Mwansa,CAR,DE,-,-,-,-,,
T636,Durell Nchami,IND,DE,-,-,-,-,,
T636,CJ Nunnally,FA,DE,-,-,-,-,,
T636,Patrick O'Connor,FA,DE,-,-,-,-,,
T636,Eric O'Neill,DET,DE,-,-,-,-,,
T636,Efe Obada,FA,DE,-,-,-,-,,
T636,Adedayo Odeleye,DAL,DE,-,-,-,-,,
T636,Dayo Odeyingbo,CHI,DE,-,-,-,-,Ques,Achilles
T636,Emmanuel Ogbah,KC,DE,-,-,-,-,,
T636,Kehinde Oginni,FA,DE,-,-,-,-,,
T636,Sam Okuayinonu,SF,DE,-,-,-,-,Ques,Ankle
T636,Julian Okwara,CLE,DE,-,-,-,-,,
T636,Charles Omenihu,WAS,DE,-,-,-,-,,
T636,Joseph Ossai,NYJ,DE,-,-,-,-,,
T636,Esezi Otomewo,PIT,DE,-,-,-,-,,
T636,LT Overton,DAL,DE,-,-,-,-,,
T636,JoJo Ozougwu,FA,DE,-,-,-,-,,
T636,Josh Paschal,FA,DE,-,-,-,-,,
T636,Scott Patchan,FA,DE,-,-,-,-,,
T636,Kwity Paye,LV,DE,-,-,-,-,,
T636,Evan Perrizo,FA,DE,-,-,-,-,,
T636,Antwaun Powell-Ryland,CIN,DE,-,-,-,-,,
T636,Joshua Pryor,FA,DE,-,-,-,-,,
T636,C.J. Ravenell,FA,DE,-,-,-,-,Ques,Undisclosed
T636,LaBryan Ray,CAR,DE,-,-,-,-,Reserve-Ret,Undisclosed
T636,Daniel Rickert,LAR,DE,-,-,-,-,,
T636,Elijah Roberts,TB,DE,-,-,-,-,,
T636,Cameron Robertson,ARI,DE,-,-,-,-,,
T636,A'Shawn Robinson,TB,DE,-,-,-,-,,
T636,Chop Robinson,MIA,DE,-,-,-,-,,
T636,Darius Robinson,ARI,DE,-,-,-,-,,
T636,Dominique Robinson,HOU,DE,-,-,-,-,,
T636,Janarius Robinson,FA,DE,-,-,-,-,,
T636,Greg Rousseau,BUF,DE,-,-,-,-,,
T636,Cameron Sample,ATL,DE,-,-,-,-,,
T636,Tyreak Sapp,CLE,DE,-,-,-,-,,
T636,Conor Sheehy,FA,DE,-,-,-,-,,
T636,Cian Slone,LV,DE,-,-,-,-,,
T636,Elerson Smith,FA,DE,-,-,-,-,,
T636,Isaiah Smith,CAR,DE,-,-,-,-,,
T636,Preston Smith,FA,DE,-,-,-,-,,
T636,Za'Darius Smith,FA,DE,-,-,-,-,,
T636,Dawuane Smoot,FA,DE,-,-,-,-,,
T636,Charles Snowden,FA,DE,-,-,-,-,Reserve-Sus,Suspension
T636,Javon Solomon,BUF,DE,-,-,-,-,,
T636,Shemar Stewart,CIN,DE,-,-,-,-,Ques,Knee
T636,Dante Stills,ARI,DE,-,-,-,-,,
T636,Danny Striggow,JAX,DE,-,-,-,-,,
T636,Montez Sweat,CHI,DE,-,-,-,-,Ques,Undisclosed
T636,Khordae Sydnor,CLE,DE,-,-,-,-,,
T636,Mika Tafua,FA,DE,-,-,-,-,,
T636,Myron Tagovailoa-Amosa,FA,DE,-,-,-,-,,
T636,Darrell Taylor,FA,DE,-,-,-,-,,
T636,Bryan Thomas,JAX,DE,-,-,-,-,,
T636,Cameron Thomas,ATL,DE,-,-,-,-,,
T636,R Mason Thomas,KC,DE,-,-,-,-,,
T636,BJ Thompson,FA,DE,-,-,-,-,,
T636,Tariqious Tisdale,FA,DE,-,-,-,-,,
T636,Casey Toohill,FA,DE,-,-,-,-,,
T636,Joe Tryon-Shoyinka,PHI,DE,-,-,-,-,Reserve-Ret,Undisclosed
T636,JT Tuimoloau,IND,DE,-,-,-,-,,
T636,Payton Turner,DET,DE,-,-,-,-,Ques,Back
T636,Joshua Uche,MIA,DE,-,-,-,-,,
T636,Isaac Ukwu,FA,DE,-,-,-,-,,
T636,Brent Urban,FA,DE,-,-,-,-,,
T636,Smith Vilbert,MIN,DE,-,-,-,-,,
T636,Nathan Voorhis,NYJ,DE,-,-,-,-,,
T636,DeMarcus Walker,FA,DE,-,-,-,-,,
T636,Travon Walker,JAX,DE,-,-,-,-,,
T636,Eric Watts,FA,DE,-,-,-,-,Ques,Undisclosed
T636,Markees Watts,CLE,DE,-,-,-,-,Reserve-Ret,Undisclosed
T636,Joshua Weru,PHI,DE,-,-,-,-,,
T636,Tyre West,DET,DE,-,-,-,-,,
T636,Tyce Westland,FA,DE,-,-,-,-,,
T636,Tyrus Wheat,DAL,DE,-,-,-,-,,
T636,Keion White,SF,DE,-,-,-,-,Ques,Groin
T636,Cullen Wick,FA,DE,-,-,-,-,,
T636,Elijah Williams,MIN,DE,-,-,-,-,Ques,Ankle
T636,Jonah Williams,ARI,DE,-,-,-,-,,
T636,Leonard Williams,SEA,DE,-,-,-,-,,
T636,Mykel Williams,SF,DE,-,-,-,-,PUP-P,Knee - ACL
T636,Sam Williams,DAL,DE,-,-,-,-,,
T636,Wesley Williams,JAX,DE,-,-,-,-,,
T636,Tyree Wilson,NO,DE,-,-,-,-,,
T636,Zion Wilson,PHI,DE,-,-,-,-,,
T636,Billy Winn,FA,DE,-,-,-,-,,
T636,Deatrich Wise,WAS,DE,-,-,-,-,PUP-P,Quadriceps
T636,Colby Wooden,IND,DE,-,-,-,-,,
T636,Chris Wormley,FA,DE,-,-,-,-,,
T636,Alex Wright,CLE,DE,-,-,-,-,,
T636,Montravius Adams,FA,DT,-,-,-,-,,
T636,Myles Adams,DET,DT,-,-,-,-,,
T636,Adetomiwa Adebawore,IND,DT,-,-,-,-,,
T636,Tommy Akingbesote,BUF,DT,-,-,-,-,,
T636,Darius Alexander,NYG,DT,-,-,-,-,,
T636,Carlos Allen,ATL,DT,-,-,-,-,,
T636,Jonathan Allen,CIN,DT,-,-,-,-,,
T636,Zach Allen,DEN,DT,-,-,-,-,,
T636,Abdullah Anderson,FA,DT,-,-,-,-,,
T636,Evan Anderson,FA,DT,-,-,-,-,,
T636,Eli Ankou,FA,DT,-,-,-,-,,
T636,Arik Armstead,JAX,DT,-,-,-,-,,
T636,Popo Aumavae,FA,DT,-,-,-,-,,
T636,Dominic Bailey,HOU,DT,-,-,-,-,,
T636,Cameron Ball,IND,DT,-,-,-,-,,
T636,Caleb Banks,MIN,DT,-,-,-,-,,
T636,Ricky Barber,WAS,DT,-,-,-,-,,
T636,Christian Barmore,NE,DT,-,-,-,-,,
T636,Anquin Barnes,NYG,DT,-,-,-,-,Ques,Undisclosed
T636,Dante Barnett,FA,DT,-,-,-,-,,
T636,Nick Barrett,LAC,DT,-,-,-,-,,
T636,Kyon Barrs,CAR,DT,-,-,-,-,,
T636,Ben Barten,NYJ,DT,-,-,-,-,,
T636,Kyler Baugh,PIT,DT,-,-,-,-,,
T636,Travis Bell,CLE,DT,-,-,-,-,,
T636,Keeanu Benton,PIT,DT,-,-,-,-,,
T636,Uar Bernard,PHI,DT,-,-,-,-,,
T636,Zeek Biggers,MIA,DT,-,-,-,-,,
T636,Andrew Billings,ARI,DT,-,-,-,-,,
T636,Josh Black,FA,DT,-,-,-,-,,
T636,Yahya Black,PIT,DT,-,-,-,-,,
T636,Ross Blacklock,FA,DT,-,-,-,-,,
T636,David Blay,PHI,DT,-,-,-,-,,
T636,Quinton Bohanna,JAX,DT,-,-,-,-,,
T636,T.J. Bollers,JAX,DT,-,-,-,-,,
T636,Anthony Booker,FA,DT,-,-,-,-,,
T636,Thomas Booker,LV,DT,-,-,-,-,,
T636,Khristian Boyd,NO,DT,-,-,-,-,,
T636,Bryan Bresee,NO,DT,-,-,-,-,IR,Knee - ACL
T636,Cole Brevard,KC,DT,-,-,-,-,,
T636,C.J. Brewer,FA,DT,-,-,-,-,,
T636,Jowon Briggs,NYJ,DT,-,-,-,-,,
T636,Warren Brinson,GB,DT,-,-,-,-,,
T636,Karl Brooks,GB,DT,-,-,-,-,,
T636,Vernon Broughton,NO,DT,-,-,-,-,,
T636,Bobby Brown,CAR,DT,-,-,-,-,,
T636,Taven Bryan,FA,DT,-,-,-,-,Ques,Knee
T636,DeForest Buckner,IND,DT,-,-,-,-,,
T636,Adam Butler,LV,DT,-,-,-,-,,
T636,Matthew Butler,MIA,DT,-,-,-,-,,
T636,Jamaree Caldwell,LAC,DT,-,-,-,-,,
T636,Anthony Campbell,GB,DT,-,-,-,-,,
T636,DeMonte Capehart,TB,DT,-,-,-,-,,
T636,DeWayne Carter,BUF,DT,-,-,-,-,,
T636,Jahmeer Carter,LAC,DT,-,-,-,-,,
T636,Jalen Carter,PHI,DT,-,-,-,-,,
T636,Zach Carter,ARI,DT,-,-,-,-,Ques,Knee
T636,Elijah Chatman,CLE,DT,-,-,-,-,,
T636,Kenny Clark,DAL,DT,-,-,-,-,,
T636,Brandon Cleveland,LV,DT,-,-,-,-,,
T636,Keondre Coburn,FA,DT,-,-,-,-,,
T636,L.J. Collier,ARI,DT,-,-,-,-,,
T636,Alfred Collins,SF,DT,-,-,-,-,,
T636,Maliek Collins,CLE,DT,-,-,-,-,PUP-P,Quadriceps
T636,Keith Cooper,MIA,DT,-,-,-,-,,
T636,Curtis Cothran,FA,DT,-,-,-,-,,
T636,Parker Cothren,FA,DT,-,-,-,-,,
T636,Byron Cowart,WAS,DT,-,-,-,-,,
T636,Howard Cross,CIN,DT,-,-,-,-,,
T636,Jaden Crumedy,GB,DT,-,-,-,-,,
T636,D.J. Davidson,WAS,DT,-,-,-,-,Reserve-Ret,Undisclosed
T636,Marlon Davidson,NYG,DT,-,-,-,-,,
T636,Carl Davis,FA,DT,-,-,-,-,,
T636,Jordan Davis,PHI,DT,-,-,-,-,,
T636,Kalia Davis,CLE,DT,-,-,-,-,,
T636,Raekwon Davis,FA,DT,-,-,-,-,,
T636,Tyler Davis,LAR,DT,-,-,-,-,,
T636,Sheldon Day,FA,DT,-,-,-,-,,
T636,Branson Deen,FA,DT,-,-,-,-,,
T636,Gervon Dexter,CHI,DT,-,-,-,-,,
T636,Matt Dickerson,JAX,DT,-,-,-,-,,
T636,Aaron Donald,FA,DT,-,-,-,-,,
T636,Brandon Dorlus,ATL,DT,-,-,-,-,,
T636,Tommy Dunn,DAL,DT,-,-,-,-,,
T636,Zane Durant,BUF,DT,-,-,-,-,,
T636,Cory Durden,NE,DT,-,-,-,-,,
T636,Michael Dwumfour,FA,DT,-,-,-,-,,
T636,Bryson Eason,SF,DT,-,-,-,-,,
T636,Deven Eastern,SEA,DT,-,-,-,-,,
T636,Justin Eboigbe,LAC,DT,-,-,-,-,,
T636,Mario Edwards,HOU,DT,-,-,-,-,,
T636,TeRah Edwards,LAC,DT,-,-,-,-,,
T636,Daniel Ekuale,FA,DT,-,-,-,-,Ques,Knee - ACL
T636,Jordan Elliott,TEN,DT,-,-,-,-,,
T636,Jabari Ellis,FA,DT,-,-,-,-,,
T636,Noah Elliss,FA,DT,-,-,-,-,,
T636,Prince Emili,FA,DT,-,-,-,-,,
T636,Joshua Farmer,NE,DT,-,-,-,-,,
T636,Neil Farrell,FA,DT,-,-,-,-,,
T636,Folorunso Fatukasi,LV,DT,-,-,-,-,,
T636,Braden Fiske,LAR,DT,-,-,-,-,,
T636,Jonathan Ford,GB,DT,-,-,-,-,,
T636,Poona Ford,LAR,DT,-,-,-,-,,
T636,Leki Fotu,NYG,DT,-,-,-,-,,
T636,Josh Fuga,FA,DT,-,-,-,-,,
T636,Greg Gaines,FA,DT,-,-,-,-,,
T636,Neville Gallimore,CHI,DT,-,-,-,-,,
T636,Elijah Garcia,CAR,DT,-,-,-,-,,
T636,Haskell Garrett,FA,DT,-,-,-,-,,
T636,Skyler Gill-Howard,DET,DT,-,-,-,-,,
T636,Kelvin Gilliam,DAL,DT,-,-,-,-,,
T636,Kevin Givens,FA,DT,-,-,-,-,,
T636,Davon Godchaux,NO,DT,-,-,-,-,,
T636,Eddie Goldman,FA,DT,-,-,-,-,,
T636,Bernard Gooden,FA,DT,-,-,-,-,,
T636,Monkell Goodwine,FA,DT,-,-,-,-,Ques,Undisclosed
T636,Adam Gotsis,FA,DT,-,-,-,-,,
T636,Mason Graham,CLE,DT,-,-,-,-,,
T636,Kenneth Grant,MIA,DT,-,-,-,-,,
T636,Aaron Graves,BAL,DT,-,-,-,-,,
T636,Josiah Green,TB,DT,-,-,-,-,,
T636,Mike Greene,FA,DT,-,-,-,-,,
T636,Eric Gregory,NE,DT,-,-,-,-,,
T636,Jacobian Guillory,LAC,DT,-,-,-,-,,
T636,Lawrence Guy,FA,DT,-,-,-,-,,
T636,Aaron Hall,CAR,DT,-,-,-,-,,
T636,Gabe Hall,PHI,DT,-,-,-,-,,
T636,Mike Hall,CLE,DT,-,-,-,-,,
T636,Gracen Halton,SF,DT,-,-,-,-,,
T636,DaVon Hamilton,JAX,DT,-,-,-,-,,
T636,Kyonte Hamilton,HOU,DT,-,-,-,-,,
T636,Ty Hamilton,LAR,DT,-,-,-,-,,
T636,Da'Shawn Hand,ATL,DT,-,-,-,-,,
T636,Johnathan Hankins,FA,DT,-,-,-,-,Ques,Back
T636,Javon Hargrave,GB,DT,-,-,-,-,,
T636,Derrick Harmon,PIT,DT,-,-,-,-,,
T636,Jonathan Harris,FA,DT,-,-,-,-,,
T636,Marcus Harris,KC,DT,-,-,-,-,,
T636,Shelby Harris,NYG,DT,-,-,-,-,,
T636,Zxavian Harris,FA,DT,-,-,-,-,Ques,Foot
T636,Jared Harrison-Hunte,CAR,DT,-,-,-,-,,
T636,Bruce Hector,FA,DT,-,-,-,-,,
T636,Jack Heflin,NYJ,DT,-,-,-,-,,
T636,Tonka Hemingway,LV,DT,-,-,-,-,,
T636,Matt Henningsen,DEN,DT,-,-,-,-,IR,Achilles
T636,Willie Henry,FA,DT,-,-,-,-,,
T636,Cameron Heyward,PIT,DT,-,-,-,-,,
T636,B.J. Hill,CIN,DT,-,-,-,-,,
T636,Trysten Hill,FA,DT,-,-,-,-,,
T636,Kurt Hinish,FA,DT,-,-,-,-,Ques,Undisclosed
T636,Timmy Horne,TEN,DT,-,-,-,-,,
T636,Cam Horsley,ARI,DT,-,-,-,-,,
T636,Jalen Hunt,JAX,DT,-,-,-,-,,
T636,Lee Hunter,CAR,DT,-,-,-,-,,
T636,Alex Huntley,MIA,DT,-,-,-,-,,
T636,Maurice Hurst,FA,DT,-,-,-,-,,
T636,Jaylon Hutchings,FA,DT,-,-,-,-,Ques,Undisclosed
T636,Siaki Ika,FA,DT,-,-,-,-,,
T636,Tyrion Ingram-Dawkins,MIN,DT,-,-,-,-,,
T636,Isaiah Iton,NE,DT,-,-,-,-,,
T636,Coziah Izzard,CLE,DT,-,-,-,-,,
T636,Bijhon Jackson,FA,DT,-,-,-,-,,
T636,Cam Jackson,CAR,DT,-,-,-,-,,
T636,Darrell Jackson,NYJ,DT,-,-,-,-,,
T636,Jordan Jackson,DEN,DT,-,-,-,-,,
T636,McKinnley Jackson,CIN,DT,-,-,-,-,Ques,Ankle
T636,Bobby Jamison-Travis,NYG,DT,-,-,-,-,,
T636,Grady Jarrett,CHI,DT,-,-,-,-,,
T636,Jordan Jefferson,CIN,DT,-,-,-,-,,
T636,Quinton Jefferson,FA,DT,-,-,-,-,,
T636,John Jenkins,BAL,DT,-,-,-,-,,
T636,Kris Jenkins,CIN,DT,-,-,-,-,,
T636,Patrick Jenkins,CLE,DT,-,-,-,-,,
T636,Kevin Jobity,PIT,DT,-,-,-,-,,
T636,Austin Johnson,FA,DT,-,-,-,-,,
T636,Eric Johnson,MIN,DT,-,-,-,-,,
T636,Benito Jones,LV,DT,-,-,-,-,,
T636,Chris Jones,KC,DT,-,-,-,-,,
T636,D.J. Jones,DEN,DT,-,-,-,-,,
T636,DaQuan Jones,FA,DT,-,-,-,-,,
T636,Jayson Jones,TB,DT,-,-,-,-,,
T636,Justin Jones,FA,DT,-,-,-,-,Ques,Knee
T636,Naquan Jones,HOU,DT,-,-,-,-,,
T636,Travis Jones,BAL,DT,-,-,-,-,,
T636,Linval Joseph,FA,DT,-,-,-,-,,
T636,Sebastian Joseph-Day,PIT,DT,-,-,-,-,,
T636,Sam Kamara,CLE,DT,-,-,-,-,,
T636,Calijah Kancey,TB,DT,-,-,-,-,,
T636,Aidan Keanaaina,DET,DT,-,-,-,-,IR,Undisclosed
T636,Tim Keenan,LAR,DT,-,-,-,-,,
T636,Javon Kinlaw,WAS,DT,-,-,-,-,,
T636,Rene Konga,MIA,DT,-,-,-,-,IR,Undisclosed
T636,Jonah Laulu,LV,DT,-,-,-,-,,
T636,Dexter Lawrence,CIN,DT,-,-,-,-,,
T636,Jeremiah Ledbetter,FA,DT,-,-,-,-,,
T636,Logan Lee,PIT,DT,-,-,-,-,IR,Undisclosed
T636,Corey Liuget,FA,DT,-,-,-,-,,
T636,Glen Logan,FA,DT,-,-,-,-,,
T636,Zion Logue,BUF,DT,-,-,-,-,,
T636,Roy Lopez,ARI,DT,-,-,-,-,,
T636,Derrick Lott,FA,DT,-,-,-,-,,
T636,Jayden Loving,CHI,DT,-,-,-,-,,
T636,James Lynch,CHI,DT,-,-,-,-,,
T636,Jeffrey M'Ba,WAS,DT,-,-,-,-,,
T636,Treven Ma'ae,LV,DT,-,-,-,-,,
T636,Nnamdi Madubuike,BAL,DT,-,-,-,-,,
T636,Tywone Malone,CAR,DT,-,-,-,-,,
T636,Jackie Marshall,TEN,DT,-,-,-,-,,
T636,Brodric Martin,ARI,DT,-,-,-,-,,
T636,Trevon Mason,FA,DT,-,-,-,-,,
T636,Phidarian Mathis,BUF,DT,-,-,-,-,Reserve-Sus,Suspension
T636,Devonnsha Maxwell,ATL,DT,-,-,-,-,,
T636,Terrell McClain,FA,DT,-,-,-,-,,
T636,Chris McClellan,GB,DT,-,-,-,-,,
T636,Kayden McDonald,HOU,DT,-,-,-,-,,
T636,T.Y. McGill,FA,DT,-,-,-,-,,
T636,DeShawn McKnight,TB,DT,-,-,-,-,,
T636,Alim McNeill,DET,DT,-,-,-,-,,
T636,Amari McNeill,KC,DT,-,-,-,-,,
T636,Christen Miller,NO,DT,-,-,-,-,Ques,Shoulder
T636,Jordan Miller,DEN,DT,-,-,-,-,,
T636,Rylie Mills,SEA,DT,-,-,-,-,,
T636,Jaxson Moi,LAR,DT,-,-,-,-,,
T636,Fatorma Mulbah,MIA,DT,-,-,-,-,,
T636,Larrell Murchison,LAR,DT,-,-,-,-,,
T636,Byron Murphy,SEA,DT,-,-,-,-,,
T636,McKay Murphy,FA,DT,-,-,-,-,,
T636,Myles Murphy,FA,DT,-,-,-,-,,
T636,PJ Mustipher,FA,DT,-,-,-,-,Ques,Foot
T636,Haggai Ndubuisi,FA,DT,-,-,-,-,Ques,Undisclosed
T636,Jer'Zhan Newton,WAS,DT,-,-,-,-,,
T636,Bilal Nichols,FA,DT,-,-,-,-,Ques,Knee
T636,Derrick Nnadi,IND,DT,-,-,-,-,,
T636,Walter Nolen,ARI,DT,-,-,-,-,,
T636,Omarr Norman-Lott,KC,DT,-,-,-,-,PUP-P,Knee - ACL
T636,Bill Norton,LAR,DT,-,-,-,-,,
T636,Dion Novil,FA,DT,-,-,-,-,,
T636,Rakeem Nunez-Roches,TB,DT,-,-,-,-,,
T636,Osa Odighizuwa,SF,DT,-,-,-,-,,
T636,Otito Ogbonnia,DAL,DT,-,-,-,-,,
T636,Larry Ogunjobi,FA,DT,-,-,-,-,,
T636,Moro Ojomo,PHI,DT,-,-,-,-,,
T636,CJ Okoye,BAL,DT,-,-,-,-,,
T636,David Olajiga,BAL,DT,-,-,-,-,,
T636,Ed Oliver,BUF,DT,-,-,-,-,,
T636,Levi Onwuzurike,DET,DT,-,-,-,-,,
T636,Tyler Onyedim,DEN,DT,-,-,-,-,,
T636,David Onyemata,NYJ,DT,-,-,-,-,,
T636,Domonique Orange,MIN,DT,-,-,-,-,,
T636,Ruke Orhorhoro,JAX,DT,-,-,-,-,,
T636,DeQuinton Osborne,FA,DT,-,-,-,-,,
T636,Payton Page,NYJ,DT,-,-,-,-,,
T636,Caeveon Patton,FA,DT,-,-,-,-,,
T636,Damon Payne,KC,DT,-,-,-,-,,
T636,Daron Payne,WAS,DT,-,-,-,-,,
T636,Aeneas Peebles,BAL,DT,-,-,-,-,Ques,Undisclosed
T636,Jayden Peevy,FA,DT,-,-,-,-,,
T636,JJ Pegues,LV,DT,-,-,-,-,,
T636,Kyle Peko,FA,DT,-,-,-,-,,
T636,John Penisini,FA,DT,-,-,-,-,,
T636,Mike Pennel,FA,DT,-,-,-,-,,
T636,Roderick Perry,FA,DT,-,-,-,-,,
T636,Jeremiah Pharms,NE,DT,-,-,-,-,,
T636,Harrison Phillips,NYJ,DT,-,-,-,-,,
T636,Jordan Phillips,FA,DT,-,-,-,-,Ques,Ankle
T636,Jordan Phillips,MIA,DT,-,-,-,-,,
T636,Zacch Pickens,NYG,DT,-,-,-,-,,
T636,Michael Pierce,FA,DT,-,-,-,-,,
T636,Brandon Pili,SEA,DT,-,-,-,-,Ques,Lower Leg
T636,Kaleb Proctor,ARI,DT,-,-,-,-,IR,Knee - Meniscus
T636,Isaiah Raikes,FA,DT,-,-,-,-,,
T636,Keith Randolph,FA,DT,-,-,-,-,Ques,Undisclosed
T636,Sheldon Rankins,HOU,DT,-,-,-,-,,
T636,DJ Reader,NYG,DT,-,-,-,-,,
T636,Jalen Redmond,MIN,DT,-,-,-,-,,
T636,Jarran Reed,SEA,DT,-,-,-,-,,
T636,Albert Regis,JAX,DT,-,-,-,-,,
T636,John Ridgeway,NO,DT,-,-,-,-,Ques,Back
T636,Jordon Riley,GB,DT,-,-,-,-,PUP-P,Achilles
T636,Jahvaree Ritzie,MIN,DT,-,-,-,-,,
T636,Malcolm Roach,DEN,DT,-,-,-,-,,
T636,Sam Roberts,FA,DT,-,-,-,-,Ques,Undisclosed
T636,Roy Robertson-Harris,NYG,DT,-,-,-,-,IR,Achilles
T636,Landon Robinson,CIN,DT,-,-,-,-,,
T636,Ty Robinson,PHI,DT,-,-,-,-,,
T636,Bryce Rodgers,FA,DT,-,-,-,-,,
T636,Levi Drake Rodriguez,MIN,DT,-,-,-,-,,
T636,Casey Rogers,NE,DT,-,-,-,-,,
T636,Justin Rogers,FA,DT,-,-,-,-,,
T636,Keivie Rose,JAX,DT,-,-,-,-,,
T636,Jaquelin Roy,FA,DT,-,-,-,-,,
T636,Gabe Rubio,PIT,DT,-,-,-,-,,
T636,T.J. Sanders,BUF,DT,-,-,-,-,,
T636,Kahlil Saunders,NO,DT,-,-,-,-,,
T636,Khalen Saunders,TEN,DT,-,-,-,-,,
T636,Tim Settle,WAS,DT,-,-,-,-,Ques,Calf
T636,Uso Seumalo,SEA,DT,-,-,-,-,,
T636,Nathan Shepherd,NO,DT,-,-,-,-,,
T636,Aziz Shittu,FA,DT,-,-,-,-,,
T636,Zach Sieler,MIA,DT,-,-,-,-,Ques,Undisclosed
T636,Keeshawn Silver,NO,DT,-,-,-,-,IR,Undisclosed
T636,Nesta Jade Silvera,FA,DT,-,-,-,-,,
T636,Elijah Simmons,TB,DT,-,-,-,-,,
T636,Jeffery Simmons,TEN,DT,-,-,-,-,,
T636,J.R. Singleton,SEA,DT,-,-,-,-,,
T636,Jacob Slade,FA,DT,-,-,-,-,Ques,Undisclosed
T636,T.J. Slaton,CIN,DT,-,-,-,-,,
T636,Chris Smith,DET,DT,-,-,-,-,,
T636,Gary Smith,LV,DT,-,-,-,-,,
T636,Maason Smith,ATL,DT,-,-,-,-,,
T636,Mazi Smith,NYJ,DT,-,-,-,-,,
T636,T.J. Smith,FA,DT,-,-,-,-,,
T636,Tim Smith,IND,DT,-,-,-,-,,
T636,Nazir Stackhouse,GB,DT,-,-,-,-,,
T636,Grover Stewart,IND,DT,-,-,-,-,,
T636,Ben Stille,DET,DT,-,-,-,-,,
T636,Kentavius Street,CHI,DT,-,-,-,-,,
T636,Jay'viar Suggs,NO,DT,-,-,-,-,,
T636,T'Vondre Sweat,NYJ,DT,-,-,-,-,Ques,Hamstring
T636,Junior Tafuna,NYJ,DT,-,-,-,-,,
T636,Taki Taimani,MIN,DT,-,-,-,-,,
T636,Teair Tart,LAC,DT,-,-,-,-,,
T636,Laki Tasi,TEN,DT,-,-,-,-,,
T636,Demetrius Taylor,FA,DT,-,-,-,-,,
T636,Leonard Taylor,NE,DT,-,-,-,-,,
T636,Bubba Thomas,SEA,DT,-,-,-,-,,
T636,Solomon Thomas,TEN,DT,-,-,-,-,,
T636,Anterio Thompson,ATL,DT,-,-,-,-,NFI-A,Undisclosed
T636,James Thompson,SF,DT,-,-,-,-,,
T636,Nick Thurman,FA,DT,-,-,-,-,,
T636,Jerry Tillery,IND,DT,-,-,-,-,,
T636,Tommy Togiai,HOU,DT,-,-,-,-,,
T636,Jay Toia,DAL,DT,-,-,-,-,,
T636,Dalvin Tomlinson,LAC,DT,-,-,-,-,,
T636,Khyiris Tonga,KC,DT,-,-,-,-,,
T636,Jay Tufele,FA,DT,-,-,-,-,,
T636,Marlon Tuipulotu,ATL,DT,-,-,-,-,,
T636,Josh Tupou,NYG,DT,-,-,-,-,,
T636,Kobie Turner,LAR,DT,-,-,-,-,Ques,Undisclosed
T636,Shemar Turner,CHI,DT,-,-,-,-,PUP-P,Knee - ACL
T636,Shy Tuttle,WAS,DT,-,-,-,-,,
T636,Eyioma Uwazurike,DEN,DT,-,-,-,-,,
T636,Sebastian Valdez,SF,DT,-,-,-,-,,
T636,Antonio Valentino,FA,DT,-,-,-,-,,
T636,Jordan van den Berg,CHI,DT,-,-,-,-,,
T636,Vita Vea,TB,DT,-,-,-,-,Ques,Back
T636,Kendal Vickers,FA,DT,-,-,-,-,,
T636,Raymond Vohasek,FA,DT,-,-,-,-,,
T636,Deone Walker,BUF,DT,-,-,-,-,,
T636,Broderick Washington,BAL,DT,-,-,-,-,,
T636,Carlos Watkins,FA,DT,-,-,-,-,,
T636,Armon Watts,FA,DT,-,-,-,-,,
T636,Terry Webb,LAC,DT,-,-,-,-,,
T636,CJ West,SF,DT,-,-,-,-,,
T636,Tershawn Wharton,CAR,DT,-,-,-,-,PUP-P,Neck
T636,Christian Wilkins,FA,DT,-,-,-,-,Ques,Foot
T636,Andrew Williams,FA,DT,-,-,-,-,,
T636,Chris Williams,ATL,DT,-,-,-,-,,
T636,Damonic Williams,ARI,DT,-,-,-,-,,
T636,DeShawn Williams,FA,DT,-,-,-,-,,
T636,Jordan Williams,FA,DT,-,-,-,-,,
T636,Kristian Williams,DEN,DT,-,-,-,-,,
T636,McKinley Williams,FA,DT,-,-,-,-,,
T636,Milton Williams,NE,DT,-,-,-,-,,
T636,Quinnen Williams,DAL,DT,-,-,-,-,,
T636,Tyleik Williams,DET,DT,-,-,-,-,,
T636,Dion Wilson,BAL,DT,-,-,-,-,,
T636,Perrion Winfrey,FA,DT,-,-,-,-,,
T636,Mekhi Wingo,DET,DT,-,-,-,-,Ques,Head
T636,D.J. Withers,DAL,DT,-,-,-,-,,
T636,Peter Woods,KC,DT,-,-,-,-,,
T636,Devonte Wyatt,GB,DT,-,-,-,-,,
T636,Byron Young,PHI,DT,-,-,-,-,,
T636,Cameron Young,FA,DT,-,-,-,-,,
T636,Payton Zdroik,LAR,DT,-,-,-,-,,
T636,Jackson Acker,BUF,FB,-,-,-,-,,
T636,Alex Armah,FA,FB,-,-,-,-,,
T636,George Aston,FA,FB,-,-,-,-,,
T636,Jake Bargas,FA,FB,-,-,-,-,,
T636,Nick Bawden,FA,FB,-,-,-,-,,
T636,Andrew Beck,NYJ,FB,-,-,-,-,,
T636,Max Bredeson,MIN,FB,-,-,-,-,,
T636,Algernon Brown,FA,FB,-,-,-,-,,
T636,Robert Burns,FA,FB,-,-,-,-,,
T636,Michael Burton,CLE,FB,-,-,-,-,,
T636,Jason Cabinda,FA,FB,-,-,-,-,,
T636,Tory Carter,FA,FB,-,-,-,-,,
T636,Kyle Coleman,FA,FB,-,-,-,-,,
T636,Jack Colletto,FA,FB,-,-,-,-,,
T636,Chandler Cox,FA,FB,-,-,-,-,,
T636,Jeremy Cox,FA,FB,-,-,-,-,,
T636,Mikey Daniel,FA,FB,-,-,-,-,,
T636,Grant Finley,NYG,FB,-,-,-,-,,
T636,Reggie Gilliam,NE,FB,-,-,-,-,,
T636,Garrett Groshek,FA,FB,-,-,-,-,,
T636,Troy Hairston,FA,FB,-,-,-,-,,
T636,C.J. Ham,MIN,FB,-,-,-,-,Reserve-Ret,Undisclosed
T636,D.J. Herman,MIA,FB,-,-,-,-,,
T636,Connor Heyward,LV,FB,-,-,-,-,,
T636,Bobby Holly,FA,FB,-,-,-,-,,
T636,Zander Horvath,FA,FB,-,-,-,-,,
T636,Alec Ingold,LAC,FB,-,-,-,-,,
T636,Andy Janovich,FA,FB,-,-,-,-,,
T636,Jakob Johnson,FA,FB,-,-,-,-,,
T636,Jordan Jones,FA,FB,-,-,-,-,,
T636,David Wells,FA,TE,-,-,-,-,,
T636,Pro Wells,FA,TE,-,-,-,-,,
T636,Trevon Wesco,FA,TE,-,-,-,-,,
T636,Blake Whiteheart,CLE,TE,-,-,-,-,,
T636,Josh Whyle,GB,TE,-,-,-,-,,
T636,Nate Wieting,FA,TE,-,-,-,-,,
T636,Mitchell Wilcox,FA,TE,-,-,-,-,,
T636,Jared Wiley,KC,TE,-,-,-,-,,
T636,Carson Williams,FA,TE,-,-,-,-,,
T636,Maxx Williams,FA,TE,-,-,-,-,,
T636,Rodney Williams,FA,TE,-,-,-,-,,
T636,Brayden Willis,SF,TE,-,-,-,-,,
T636,Caleb Wilson,FA,TE,-,-,-,-,,
T636,Joel Wilson,TEN,TE,-,-,-,-,,
T636,Charlie Woerner,ATL,TE,-,-,-,-,,
T636,Eli Wolf,FA,TE,-,-,-,-,,
T636,Ethan Wolf,FA,TE,-,-,-,-,,
T636,Trevor Wood,FA,TE,-,-,-,-,,
T636,Jelani Woods,NYJ,TE,-,-,-,-,,
T636,Dae'Quan Wright,CLE,TE,-,-,-,518.50,,
T636,Steven Wroblewski,FA,TE,-,-,-,-,,
T636,Jalen Wydermyer,FA,TE,-,-,-,-,,
375,Colson Yankoff,WAS,TE,321.00,-,321.00,-,,
T636,Thomas Yassmin,GB,TE,-,-,-,-,,
T636,Kenny Yeboah,ARI,TE,-,-,-,-,IR,Hamstring
T636,Deon Yelder,FA,TE,-,-,-,-,,
T636,Ben Yurosek,MIN,TE,-,-,-,-,,
T636,Shane Zylstra,BUF,TE,-,-,-,-,,
T636,Keshunn Abram,FA,WR,-,-,-,-,,
T636,Ife Adeyi,FA,WR,-,-,-,-,,
T636,Nelson Agholor,FA,WR,-,-,-,-,,
T636,Jamal Agnew,FA,WR,-,-,-,-,Ques,Undisclosed
T636,Jonathan Adams,FA,WR,-,-,-,-,,
T636,Rodney Adams,FA,WR,-,-,-,-,,
T636,Tyler Adams,FA,WR,-,-,-,-,,
T636,Cole Turner,MIA,TE,-,-,-,-,,
T636,C.J. Uzomah,FA,TE,-,-,-,-,,
T636,Mitch Van Vooren,NE,TE,-,-,-,-,,
T636,Nick Vannett,SEA,TE,-,-,-,-,,
T636,Jack Velling,ATL,TE,-,-,-,-,,
T636,Dan Villari,LAR,TE,-,-,-,507.50,,
T636,Mark Vital,FA,TE,-,-,-,-,,
T636,Travis Vokolek,FA,TE,-,-,-,-,,
T636,Brian Walker,FA,TE,-,-,-,-,,
T636,Jerome Washington,FA,TE,-,-,-,-,,
T636,Scotty Washington,FA,TE,-,-,-,-,,
T636,Tre Watson,KC,TE,-,-,-,-,,
T636,Garrett Walston,FA,TE,-,-,-,-,,
356,Jacob Warren,FA,TE,305.00,-,305.00,-,,
T636,Kahale Warring,FA,TE,-,-,-,-,,
T636,Stone Smartt,PHI,TE,-,-,-,-,,
T636,Irv Smith,FA,TE,-,-,-,-,Ques,Ankle
T636,Mason Schreck,FA,TE,-,-,-,-,,
T636,Anthony Torres,FA,TE,-,-,-,-,Ques,Ankle
T636,Carson Towt,IND,TE,-,-,-,-,,
T636,Christian Trahan,FA,TE,-,-,-,-,,
T636,Seydou Traore,MIA,TE,-,-,-,-,,
428,Tim Tebow,FA,TE,348.50,-,348.50,503.30,,
T636,Jermaine Terry,FA,TE,-,-,-,-,,
T636,Ian Thomas,LV,TE,-,-,-,-,,
T636,Jordan Thomas,FA,TE,-,-,-,-,,
T636,Logan Thomas,FA,TE,-,-,-,-,,
T636,DJ Thomas-Jones,FA,TE,-,-,-,-,,
T636,Colin Thompson,FA,TE,-,-,-,-,,
T636,Noah Togiai,FA,TE,-,-,-,-,,
T636,Eric Tomlinson,FA,TE,-,-,-,-,,
T636,Kevin Austin,NO,WR,-,-,-,-,,
T636,Tavon Austin,FA,WR,-,-,-,-,,
T636,Cameron Batson,FA,WR,-,-,-,-,,
T636,Omar Bayless,FA,WR,-,-,-,-,,
T636,Cole Beasley,FA,WR,-,-,-,-,,
T636,Hank Beatty,TEN,WR,-,-,-,-,,
T636,Andre Baccellia,FA,WR,-,-,-,-,Ques,Neck
T636,Alex Bachman,FA,WR,-,-,-,-,,
T636,Elijhah Badger,FA,WR,-,-,-,-,,
T636,Javon Baker,FA,WR,-,-,-,-,,
T636,Jelani Baker,FA,WR,-,-,-,-,,
T636,Kawaan Baker,FA,WR,-,-,-,-,,
T636,Daylen Baldwin,FA,WR,-,-,-,-,,
T636,Monaray Baldwin,FA,WR,-,-,-,-,,
T636,Michael Bandy,DEN,WR,-,-,-,-,,
T636,Jahmal Banks,FA,WR,-,-,-,-,,
T636,Taye Barber,FA,WR,-,-,-,-,,
T636,Jose Barbon,FA,WR,-,-,-,-,,
T636,Sy Barnett,FA,WR,-,-,-,-,,
T636,Ajou Ajou,FA,WR,-,-,-,-,,
T636,Landen Akers,FA,WR,-,-,-,-,,
T636,Kelly Akharaiyi,FA,WR,-,-,-,-,,
T636,Deontez Alexander,FA,WR,-,-,-,-,,
625,Maurice Alexander,CHI,WR,620.50,-,620.50,546.50,,
T636,Damien Alford,FA,WR,-,-,-,-,Ques,Undisclosed
T636,Josh Ali,FA,WR,-,-,-,555.50,,
T636,Geronimo Allison,FA,WR,-,-,-,-,,
T636,Aaron Anderson,FA,WR,-,-,-,398.40,Ques,Undisclosed
T636,Vinny Anthony,ATL,WR,-,-,-,506.00,,
T636,Daniel Arias,FA,WR,-,-,-,-,,
T636,Andrew Armstrong,KC,WR,-,-,-,-,,
T636,Ayir Asante,FA,WR,-,-,-,-,,
T636,Marcell Ateman,FA,WR,-,-,-,-,,
T636,Reggie Begelton,FA,WR,-,-,-,-,,
T636,Devon Allen,FA,WR,-,-,-,-,,
T636,Floyd Allen,FA,WR,-,-,-,-,,
T636,David Bell,FA,WR,-,-,-,-,,
T636,Dillon Bell,MIN,WR,-,-,-,568.00,,
T636,Ronnie Bell,NO,WR,-,-,-,-,,
T636,Lewis Bond,HOU,WR,-,-,-,461.00,,
T636,Jadakis Bonds,FA,WR,-,-,-,-,,
494,Travis Benjamin,FA,WR,381.00,-,381.00,-,,
T636,Trinity Benson,FA,WR,-,-,-,-,,
T636,Gabriel Benyard,FA,WR,-,-,-,-,,
T636,Junior Bergen,FA,WR,-,-,-,-,,
T636,Jared Bernhardt,FA,WR,-,-,-,-,,
315,Braxton Berrios,NYG,WR,272.00,-,272.00,-,,
T636,Stanley Berryhill,FA,WR,-,-,-,-,,
T636,Tyron Billy-Johnson,FA,WR,-,-,-,-,,
T636,Tarik Black,DET,WR,-,-,-,-,,
T636,Chris Blair,ATL,WR,-,-,-,-,,
T636,Christian Blake,FA,WR,-,-,-,-,,
T636,DeMeer Blankumsee,FA,WR,-,-,-,-,,
572,Javess Blue,FA,WR,453.50,-,453.50,-,,
T636,Jordan Bly,FA,WR,-,-,-,-,,
T636,Bryce Bobo,FA,WR,-,-,-,-,,
540,Jake Bobo,SEA,WR,406.80,-,406.80,430.00,,
T636,Silas Bolden,FA,WR,-,-,-,-,,
T636,Slade Bolden,FA,WR,-,-,-,-,,
T636,Victor Bolden,FA,WR,-,-,-,-,,
T636,Kaden Smith,FA,TE,-,-,-,-,,
T636,Durham Smythe,BAL,TE,-,-,-,-,,
T636,Dylan Soehner,FA,TE,-,-,-,-,,
T636,Matt Sokol,FA,TE,-,-,-,-,,
T636,Brevyn Spann-Ford,DAL,TE,-,-,-,-,,
T636,Geor'quarius Spivey,FA,TE,-,-,-,-,,
T636,Dylan Stapleton,FA,TE,-,-,-,-,,
T636,John Stephens,FA,TE,-,-,-,-,,
T636,Jace Sternberger,FA,TE,-,-,-,-,,
T636,Steven Stilianos,FA,TE,-,-,-,-,,
603,Luke Stocker,FA,TE,560.60,-,560.60,521.50,,
T636,Austin Stogner,FA,TE,-,-,-,-,,
T636,Jack Stoll,CLE,TE,-,-,-,-,,
T636,Cade Stover,HOU,TE,-,-,-,-,,
T636,Stephen Sullivan,FA,TE,-,-,-,-,,
T636,Cam Sutton,FA,TE,-,-,-,-,,
T636,Evan Svoboda,LAC,TE,-,-,-,-,,
T636,Geoff Swaim,FA,TE,-,-,-,-,,
622,Tommy Sweeney,FA,TE,616.00,-,616.00,-,,
T636,Messiah Swinson,GB,TE,-,-,-,-,,
T636,Tanner Taula,FA,TE,-,-,-,-,,
T636,Kole Taylor,FA,TE,-,-,-,-,,
T636,Leonard Taylor,FA,TE,-,-,-,-,,
T636,Joe Royer,CLE,TE,-,-,-,-,,
T636,Hayden Rucci,SF,TE,-,-,-,-,,
T636,Jeremy Ruckert,NYJ,TE,-,-,-,-,,
T636,Carter Runyon,LV,TE,-,-,-,-,,
T636,Carsen Ryan,CLE,TE,-,-,-,-,,
T636,Marcus Santos-Silva,FA,TE,-,-,-,-,,
T636,Eric Saubert,SEA,TE,-,-,-,-,,
T636,Drew Sample,CIN,TE,-,-,-,-,,
342,Christian Scotland-Williamson,FA,TE,297.00,-,297.00,-,,
T636,Jared Scott,FA,TE,-,-,-,-,,
T636,Lincoln Sefcik,FA,TE,-,-,-,-,,
T636,Bernhard Seikovits,FA,TE,-,-,-,-,,
T636,Matt Seybert,FA,TE,-,-,-,-,,
T636,Adam Shaheen,FA,TE,-,-,-,-,,
T636,Bauer Sharp,TB,TE,-,-,-,404.10,,
T636,Riley Sharp,FA,TE,-,-,-,-,,
T636,John Samuel Shenker,FA,TE,-,-,-,-,,
T636,Joshua Simon,ATL,TE,-,-,-,-,,
T636,Ben Sims,MIA,TE,-,-,-,-,Ques,Undisclosed
T636,Christian Sims,FA,TE,-,-,-,-,,
T636,Donald Parham,FA,TE,-,-,-,-,,
T636,Dylan Parham,FA,TE,-,-,-,-,,
T636,Tyree Mayfield,FA,TE,-,-,-,-,,
T636,Albert Okwuegbunam,LV,TE,-,-,-,-,,
T636,Johnny Pascuzzi,LAC,TE,-,-,-,421.00,,
T636,Josh Pederson,FA,TE,-,-,-,-,,
T636,Jordan Petaia,FA,TE,-,-,-,-,,
T636,Jamal Pettigrew,FA,TE,-,-,-,-,,
T636,La'Michael Pettway,FA,TE,-,-,-,-,,
T636,Tyler Pezza,BAL,TE,-,-,-,-,,
T636,Chris Pierce,FA,TE,-,-,-,-,,
T636,Bryce Pierre,FA,TE,-,-,-,-,,
T636,Mark Redman,LAR,TE,-,-,-,-,,
T636,Tip Reiman,ARI,TE,-,-,-,-,PUP-P,Ankle
T636,Isaac Rex,FA,TE,-,-,-,-,,
T636,Sammis Reyes,FA,TE,-,-,-,-,,
T636,Giovanni Ricci,FA,TE,-,-,-,-,,
T636,Jared Rice,FA,TE,-,-,-,-,,
T636,Mike Rigerman,FA,TE,-,-,-,-,,
T636,Justin Rigg,FA,TE,-,-,-,-,,
T636,Jevoni Robinson,FA,TE,-,-,-,-,,
T636,Richard Rodgers,FA,TE,-,-,-,-,,
T636,Armani Rogers,FA,TE,-,-,-,-,,
T636,DJ Rogers,DAL,TE,-,-,-,569.00,,
T636,Lachlan Pitts,FA,TE,-,-,-,-,,
T636,Sam Pitz,FA,TE,-,-,-,-,,
T636,Mason Pline,KC,TE,-,-,-,-,,
T636,Tony Poljan,FA,TE,-,-,-,-,,
T636,Josiah Price,FA,TE,-,-,-,-,,
T636,Caden Prieskorn,CAR,TE,-,-,-,-,,
T636,Gerrit Prince,FA,TE,-,-,-,-,,
T636,MyCole Pruitt,FA,TE,-,-,-,-,,
T636,Layne Pryor,HOU,TE,-,-,-,-,,
T636,Teagan Quitoriano,ARI,TE,-,-,-,-,,
T636,Kevin Rader,FA,TE,-,-,-,-,,
T636,John Raine,FA,TE,-,-,-,-,,
T636,Chris Myarick,LV,TE,-,-,-,-,,
T636,Bryson Nesbit,MIN,TE,-,-,-,-,,
T636,Tyler Neville,FA,TE,-,-,-,-,,
T636,James O'Shaughnessy,FA,TE,-,-,-,-,,
T636,Gunnar Oakes,FA,TE,-,-,-,-,,
T636,Thomas Odukoya,FA,TE,-,-,-,551.50,Ques,Undisclosed
T636,Drew Ogletree,IND,TE,-,-,-,-,,
350,Johnny Lumpkin,FA,TE,302.00,-,302.00,-,,
T636,Tyler Mabry,FA,TE,-,-,-,-,Ques,Undisclosed
T636,Alize Mack,FA,TE,-,-,-,-,,
T636,Devin Mahina,FA,TE,-,-,-,-,,
T636,Will Mallory,IND,TE,-,-,-,-,,
T636,Maximilian Mang,FA,TE,-,-,-,-,,
T636,Chris Manhertz,NYG,TE,-,-,-,-,,
T636,Kyle Markway,FA,TE,-,-,-,-,,
T636,David Martin-Robinson,TEN,TE,-,-,-,-,,
T636,RJ Maryland,FA,TE,-,-,-,-,Ques,Hamstring
T636,Lance Mason,PIT,TE,-,-,-,485.10,,
T636,Moliki Matavao,NO,TE,-,-,-,-,,
T636,Jordan Matthews,FA,TE,-,-,-,-,,
T636,Camren McDonald,FA,TE,-,-,-,-,,
T636,Sean McKeon,FA,TE,-,-,-,-,Ques,Undisclosed
T636,Tre' McKitty,FA,TE,-,-,-,-,,
T636,Tanner McLachlan,SF,TE,-,-,-,-,IR,Undisclosed
T636,Taylor McNamara,FA,TE,-,-,-,-,,
T636,Lake McRee,PIT,TE,-,-,-,409.80,,
T636,Jackson Meeks,DET,TE,-,-,-,-,,
T636,Carson Meier,FA,TE,-,-,-,-,,
T636,Chamon Metayer,FA,TE,-,-,-,510.00,,
T636,James Mitchell,CAR,TE,-,-,-,-,,
T636,John Mitchell,FA,TE,-,-,-,-,,
T636,Zaire Mitchell-Paden,NO,TE,-,-,-,-,,
T636,Briley Moore,FA,TE,-,-,-,-,,
T636,Quentin Moore,WAS,TE,-,-,-,-,,
T636,Tyler Moore,FA,TE,-,-,-,-,,
T636,Foster Moreau,HOU,TE,-,-,-,-,,
T636,Quintin Morris,JAX,TE,-,-,-,-,,
T636,Thaddeus Moss,FA,TE,-,-,-,-,,
T636,Johnny Mundt,PHI,TE,-,-,-,-,,
T636,Jordan Murray,FA,TE,-,-,-,-,,
T636,Patrick Murtagh,FA,TE,-,-,-,-,,
T636,Nick Muse,ATL,TE,-,-,-,-,,
T636,Luke Lachey,FA,TE,-,-,-,-,Ques,Foot
T636,Anthony Landphere,FA,TE,-,-,-,-,,
T636,Marshall Lang,MIN,TE,-,-,-,-,,
T636,Caleb Lohner,DEN,TE,-,-,-,-,Ques,Lower Body
T636,Hunter Long,JAX,TE,-,-,-,-,,
T636,James Looney,FA,TE,-,-,-,-,,
T636,Hayden Large,CHI,TE,-,-,-,-,,
538,Cameron Latu,PHI,TE,404.20,-,404.20,414.00,,
T636,Keleki Latu,BUF,TE,-,-,-,-,,
T636,Matt Lauter,FA,TE,-,-,-,-,,
T636,Kris Leach,FA,TE,-,-,-,-,,
T636,Brayden Lenius,FA,TE,-,-,-,-,,
T636,Dylan Leonard,FA,TE,-,-,-,-,,
T636,Marcedes Lewis,FA,TE,-,-,-,-,,
T636,Stevo Klotz,FA,TE,-,-,-,-,,
T636,Miles Kitselman,FA,TE,-,-,-,-,Ques,Leg
T636,Ko Kieft,TB,TE,-,-,-,-,,
T636,Travis Koontz,FA,TE,-,-,-,544.50,,
T636,Davis Koppenhaver,FA,TE,-,-,-,-,,
T636,Tyler Kroft,FA,TE,-,-,-,-,,
T636,Erik Krommenhoek,FA,TE,-,-,-,-,,
T636,Lucas Krull,DEN,TE,-,-,-,-,,
T636,Isiah Ferguson,FA,WR,-,-,-,-,,
T636,Ethan Fernea,FA,WR,-,-,-,-,,
523,Maurice Ffrench,FA,WR,398.00,-,398.00,-,,
T636,Chris Finke,FA,WR,-,-,-,-,,
T636,Dez Fitzpatrick,FA,WR,-,-,-,-,Ques,Undisclosed
T636,Dontae Fleming,MIN,WR,-,-,-,-,,
T636,Matt Fleming,FA,WR,-,-,-,-,,
598,Luke Floriea,CLE,WR,542.50,-,542.50,-,,
T636,Omari Evans,KC,WR,-,-,-,-,,
T636,Erik Ezukanma,PHI,WR,-,-,-,-,,
T636,Jequez Ezzard,FA,WR,-,-,-,-,,
T636,Simi Fehoko,ARI,WR,-,-,-,-,,
T636,Da'Quan Felton,FA,WR,-,-,-,-,Ques,Undisclosed
336,Emeka Emezie,FA,WR,294.00,-,294.00,-,,
T636,Alex Erickson,FA,WR,-,-,-,-,,
T636,Dee Eskridge,FA,WR,-,-,-,-,,
T636,Amba Etta-Tawo,FA,WR,-,-,-,-,,
T636,Kyre Duplessis,DEN,WR,-,-,-,-,,
T636,David Durden,FA,WR,-,-,-,-,,
T636,Devin Duvernay,ARI,WR,-,-,-,-,,
T636,Brennan Eagles,FA,WR,-,-,-,-,,
T636,Jerrion Ealy,FA,WR,-,-,-,-,,
T636,Nick Easley,FA,WR,-,-,-,-,,
T636,Brevin Easton,FA,WR,-,-,-,-,,
T636,Bryan Edwards,FA,WR,-,-,-,-,,
T636,Tru Edwards,LAR,WR,-,-,-,-,,
T636,Colton Dowell,FA,WR,-,-,-,-,,
T636,Dontario Drummond,FA,WR,-,-,-,-,,
T636,Dylan Drummond,ATL,WR,-,-,-,-,,
T546,Grant DuBose,FA,WR,410.00,-,410.00,-,Ques,Shoulder
T636,DeVontres Dukes,FA,WR,-,-,-,-,,
T636,Zakhari Franklin,FA,WR,-,-,-,-,,
T636,Ty Fryfogle,FA,WR,-,-,-,-,,
T636,Travis Fulgham,FA,WR,-,-,-,-,,
T636,Aaron Fuller,FA,WR,-,-,-,-,,
T636,Russell Gage,FA,WR,-,-,-,-,,
T636,Bailey Gaither,FA,WR,-,-,-,-,,
T636,Michael Gallup,FA,WR,-,-,-,-,,
T636,Kaylon Geiger,FA,WR,-,-,-,-,,
T636,Tanner Gentry,FA,WR,-,-,-,-,,
T636,Jacolby George,FA,WR,-,-,-,-,,
T636,Jaelen Gill,FA,WR,-,-,-,-,,
T636,Xavier Gipson,NYG,WR,-,-,-,-,,
T636,Isaiah Ford,FA,WR,-,-,-,-,,
T636,Bryce Ford-Wheaton,FA,WR,-,-,-,519.00,Ques,Achilles
T636,Jeff Foreman,FA,WR,-,-,-,-,,
T636,Montorie Foster,SEA,WR,-,-,-,-,,
T636,Robert Foster,FA,WR,-,-,-,-,,
T636,Daurice Fountain,FA,WR,-,-,-,-,,
T636,Deshon Foxx,FA,WR,-,-,-,-,,
T636,Kenny Golladay,FA,WR,-,-,-,-,,
T636,Marquise Goodwin,FA,WR,-,-,-,-,,
T636,Josh Gordon,FA,WR,-,-,-,424.00,,
T636,Stephen Gosnell,BUF,WR,-,-,-,-,,
T636,Anthony Gould,IND,WR,-,-,-,-,,
T636,Jakeem Grant,FA,WR,-,-,-,-,,
T636,Danny Gray,PHI,WR,-,-,-,-,Ques,Concussion
T636,Deante' Gray,FA,WR,-,-,-,-,,
T636,Devin Gray,FA,WR,-,-,-,-,,
T636,Cyril Grayson,FA,WR,-,-,-,-,,
T636,Bryson Green,ARI,WR,-,-,-,-,,
T636,Juwan Green,FA,WR,-,-,-,-,,
T636,Garrett Greene,TB,WR,-,-,-,-,,
T636,Jalen Greene,FA,WR,-,-,-,-,,
T636,Tulu Griffin,FA,WR,-,-,-,-,,
T636,Taylor Grimes,FA,WR,-,-,-,-,,
378,Wesley Grimes,SF,WR,322.00,-,322.00,-,,
T636,Luke Grimm,LAC,WR,-,-,-,-,,
T636,Xavier Guillory,BAL,WR,-,-,-,-,,
T636,Jalen Guyton,FA,WR,-,-,-,-,,
T636,Sahmir Hagans,IND,WR,-,-,-,-,,
T636,John Hall,FA,WR,-,-,-,-,,
T636,Justin Hall,FA,WR,-,-,-,-,,
T636,Marvin Hall,FA,WR,-,-,-,-,,
T636,DaeSean Hamilton,FA,WR,-,-,-,-,,
T636,E.J. Horton,IND,WR,-,-,-,-,,
T636,Gavin Holmes,FA,WR,-,-,-,-,,
T636,John Hightower,FA,WR,-,-,-,-,,
T636,TreVontae Hights,FA,WR,-,-,-,-,,
T636,Odieu Hiliare,FA,WR,-,-,-,-,,
T636,Chris Hilton,GB,WR,-,-,-,493.00,,
T636,T.Y. Hilton,FA,WR,-,-,-,-,,
T636,Kendall Hinton,FA,WR,-,-,-,-,,
317,Mac Hippenhammer,FA,WR,274.00,-,274.00,-,,
409,Changa Hodge,FA,WR,337.00,-,337.00,-,,
T636,KhaDarel Hodge,SF,WR,-,-,-,-,,
T636,Isaiah Hodgins,NYG,WR,-,-,-,-,,
T636,Traeshon Holden,DAL,WR,-,-,-,-,,
T636,Cyrus Holder,FA,WR,-,-,-,-,,
616,Jimmy Holiday,KC,WR,605.50,-,605.50,-,,
T636,Alexander Hollins,FA,WR,-,-,-,-,,
T636,Trenton Irwin,SF,WR,-,-,-,-,,
T636,Andy Isabella,FA,WR,-,-,-,-,Ques,Ankle
T636,Calvin Jackson,FA,WR,-,-,-,-,,
T636,Courtney Jackson,TEN,WR,-,-,-,-,,
T636,Daniel Jackson,FA,WR,-,-,-,-,,
T636,Giles Jackson,FA,WR,-,-,-,-,,
T636,JaQuae Jackson,LAC,WR,-,-,-,-,,
T636,Jermaine Jackson,FA,WR,-,-,-,-,,
T636,Jha'Quan Jackson,HOU,WR,-,-,-,-,,
T636,John Jackson,FA,WR,-,-,-,-,,
T636,Kearis Jackson,FA,WR,-,-,-,-,,
T636,Ketron Jackson,FA,WR,-,-,-,-,,
T636,Lucky Jackson,DET,WR,-,-,-,-,,
T636,Shedrick Jackson,LV,WR,-,-,-,-,,
T636,Trishton Jackson,FA,WR,-,-,-,-,,
T636,Richie James,FA,WR,-,-,-,-,,
617,Sam James,FA,WR,606.00,-,606.00,550.00,,
T636,Ty James,FA,WR,-,-,-,-,,
T636,Tyshaun James,FA,WR,-,-,-,-,,
T636,Jadon Janke,FA,WR,-,-,-,-,,
T636,Jaxon Janke,FA,WR,-,-,-,-,,
601,Rakim Jarrett,FA,WR,554.80,-,554.80,512.50,,
T636,Damion Jeanpiere,FA,WR,-,-,-,-,,
T636,Josh Hammond,FA,WR,-,-,-,-,,
T636,Chad Hansen,FA,WR,-,-,-,-,,
T636,Mecole Hardman,BUF,WR,-,-,-,-,,
T636,De'Angelo Hardy,FA,WR,-,-,-,-,,
T636,Mike Harley,FA,WR,-,-,-,-,,
T636,Kelvin Harmon,FA,WR,-,-,-,-,,
T636,Devron Harper,FA,WR,-,-,-,-,,
T636,Josh Harper,FA,WR,-,-,-,-,,
T636,Tyler Harrell,FA,WR,-,-,-,-,,
T636,De'Michael Harris,FA,WR,-,-,-,-,,
T636,Jacob Harris,FA,WR,-,-,-,-,,
T636,Keilahn Harris,FA,WR,-,-,-,-,,
T636,Travell Harris,FA,WR,-,-,-,-,,
T636,Tre'Shaun Harrison,FA,WR,-,-,-,-,,
T636,Deonte Harty,FA,WR,-,-,-,-,Ques,Knee
607,Jadon Haselwood,FA,WR,577.30,-,577.30,-,,
T636,Hayden Hatten,FA,WR,-,-,-,-,,
T636,Jaaron Hayek,FA,WR,-,-,-,-,,
T636,Brandon Hayes,FA,WR,-,-,-,-,,
T636,Damon Hazelton,FA,WR,-,-,-,-,,
T636,Malik Heath,FA,WR,-,-,-,-,,
T636,Griffin Hebert,FA,WR,-,-,-,-,,
T636,Jaivon Heiligh,FA,WR,-,-,-,-,,
T636,Thomas Hennigan,FA,WR,-,-,-,-,,
T636,AJ Henning,MIA,WR,-,-,-,-,,
T636,Malik Henry,FA,WR,-,-,-,-,,
T636,Ra'Shaun Henry,FA,WR,-,-,-,-,,
T636,Jake Herslow,FA,WR,-,-,-,-,,
T636,Julian Hicks,FA,WR,-,-,-,-,,
T636,Aleva Hifo,FA,WR,-,-,-,-,,
T636,Malik Flowers,FA,WR,-,-,-,-,,
T636,Terry Godwin,FA,WR,-,-,-,-,,
T636,River Cracraft,WAS,WR,-,-,-,-,,
T636,Josh Crockett,FA,WR,-,-,-,-,,
T636,Corey Crooms,FA,WR,-,-,-,-,,
T636,Jamison Crowder,FA,WR,-,-,-,-,,
321,Aron Cruickshank,FA,WR,278.00,-,278.00,-,,
T636,Malik Cunningham,DET,WR,-,-,-,-,,
T636,Zach D'Orazio,FA,WR,-,-,-,-,,
T636,Mac Dalena,BUF,WR,-,-,-,-,,
T636,Jared Dangerfield,FA,WR,-,-,-,-,,
609,Jacob Copeland,FA,WR,590.50,-,590.50,535.00,,
T636,Malachi Corley,CLE,WR,-,-,-,-,,
T636,Chase Cota,FA,WR,-,-,-,-,,
T636,Jeff Cotton,FA,WR,-,-,-,-,,
T636,Isaiah Coulter,FA,WR,-,-,-,-,,
T636,Keke Coutee,FA,WR,-,-,-,-,,
T636,Britain Covey,PHI,WR,-,-,-,-,Ques,Hamstring
T636,Robbie Chosen,FA,WR,-,-,-,-,,
T636,Cody Chrest,FA,WR,-,-,-,-,,
T636,Marquez Clark,FA,WR,-,-,-,-,,
T636,Trevon Clark,FA,WR,-,-,-,-,,
T363,Chase Claypool,FA,WR,310.00,-,310.00,-,,
T636,Tyrie Cleveland,FA,WR,-,-,-,-,,
T636,Liam Clifford,FA,WR,-,-,-,-,,
557,Randall Cobb,FA,WR,422.00,-,422.00,-,,
T636,Brian Cobbs,FA,WR,-,-,-,-,,
T636,Beaux Collins,FA,WR,-,-,-,-,Ques,Concussion
T636,Dan Chisena,CAR,WR,-,-,-,-,IR,Undisclosed
T636,Keelan Cole,FA,WR,-,-,-,-,,
T636,Matt Cole,FA,WR,-,-,-,-,,
T636,Chris Coleman,FA,WR,-,-,-,-,,
T636,Corey Coleman,FA,WR,-,-,-,-,,
T636,Dallas Daniels,FA,WR,-,-,-,-,,
T636,DaVaris Daniels,FA,WR,-,-,-,-,,
T636,Roderick Daniels,FA,WR,-,-,-,-,,
469,Frank Darby,FA,WR,368.00,-,368.00,-,,
T636,Jaelon Darden,FA,WR,-,-,-,-,,
T636,Avery Davis,FA,WR,-,-,-,-,,
T636,Corey Davis,FA,WR,-,-,-,-,,
T636,Daewood Davis,FA,WR,-,-,-,-,,
T636,Danny Davis,FA,WR,-,-,-,-,,
T636,Davion Davis,FA,WR,-,-,-,-,,
T636,Derius Davis,LAC,WR,-,-,-,-,,
T636,Gabe Davis,FA,WR,-,-,-,-,Ques,Knee - ACL
T636,Joaquin Davis,PIT,WR,-,-,-,-,,
T636,Kaden Davis,CHI,WR,-,-,-,-,,
T636,Quartney Davis,FA,WR,-,-,-,-,,
T636,Rashard Davis,FA,WR,-,-,-,-,,
T636,Shaquan Davis,FA,WR,-,-,-,-,,
T636,Terrill Davis,MIN,WR,-,-,-,-,,
T636,Seth Dawkins,FA,WR,-,-,-,-,,
T636,Jacob De Jesus,KC,WR,-,-,-,-,,
T636,DeVonte Dedmon,FA,WR,-,-,-,-,,
T636,Nick DeGennaro,NE,WR,-,-,-,-,,
T636,Derrick Dillon,FA,WR,-,-,-,-,,
T636,Dai'Jean Dixon,FA,WR,-,-,-,-,,
T636,Kyle Dixon,NE,WR,-,-,-,-,,
T636,Moochie Dixon,FA,WR,-,-,-,-,,
T636,Josh Doctson,FA,WR,-,-,-,-,,
T636,Cameron Dorner,NE,WR,-,-,-,-,,
T636,Phillip Dorsett,LV,WR,-,-,-,-,,
T636,Dontay Demus,FA,WR,-,-,-,-,,
T636,Reggie Diggs,FA,WR,-,-,-,-,,
T636,Kenny Cook,FA,WR,-,-,-,-,,
T636,Brandin Cooks,FA,WR,-,-,-,-,,
T636,Elijah Cooks,CAR,WR,-,-,-,-,,
T636,Amari Cooper,FA,WR,-,-,-,-,,
T636,Shemar Bridges,FA,WR,-,-,-,-,,
T636,Romello Brinson,FA,WR,-,-,-,-,,
T636,Michael Briscoe,MIN,WR,-,-,-,-,,
T636,Le'Meke Brockington,ATL,WR,-,-,-,-,IR,Undisclosed
T636,Ja'Corey Brooks,FA,WR,-,-,-,-,Ques,Undisclosed
T636,Chandler Brayboy,JAX,WR,-,-,-,-,,
T636,Lynn Bowden,FA,WR,-,-,-,-,,
T636,Zion Bowens,FA,WR,-,-,-,-,,
T636,Brady Boyd,JAX,WR,-,-,-,-,,
T636,Devonte Boyd,FA,WR,-,-,-,-,,
T636,Tyler Boyd,FA,WR,-,-,-,-,,
T636,Miles Boykin,FA,WR,-,-,-,-,,
T636,Trevon Bradford,FA,WR,-,-,-,-,,
T636,Ja'Marcus Bradley,FA,WR,-,-,-,-,,
T636,Jaden Bradley,WAS,WR,-,-,-,-,,
T636,Jonathan Brady,FA,WR,-,-,-,-,,
T636,Tyre Brady,FA,WR,-,-,-,-,,
T636,Cortez Braham,BAL,WR,-,-,-,-,,
T636,Reggie Brown,FA,WR,-,-,-,-,,
T636,Sam Brown,FA,WR,-,-,-,-,,
T636,Sean Brown,FA,WR,-,-,-,-,,
T636,Sincere Brown,LAC,WR,-,-,-,-,,
T636,Tony Brown,FA,WR,-,-,-,-,,
T636,Jason Brownlee,KC,WR,-,-,-,-,,
T636,Martavis Bryant,FA,WR,-,-,-,-,,
T636,Phillip Brooks,FA,WR,-,-,-,-,,
T636,Ahmarean Brown,FA,WR,-,-,-,-,,
T636,Camden Brown,DAL,WR,-,-,-,-,,
T636,Dyami Brown,WAS,WR,-,-,-,-,,
T636,Fred Brown,FA,WR,-,-,-,-,,
371,Braxton Burmeister,FA,WR,318.00,-,318.00,-,,
T636,Deontay Burnett,FA,WR,-,-,-,-,,
T636,Je'Quan Burton,FA,WR,-,-,-,-,,
T636,Jermaine Burton,FA,WR,-,-,-,-,,
T636,Rico Bussey,FA,WR,-,-,-,-,,
T636,Hakeem Butler,DEN,WR,-,-,-,-,,
T636,Terrell Bynum,FA,WR,-,-,-,-,,
T636,Damiere Byrd,FA,WR,-,-,-,-,,
T636,Jordan Byrd,FA,WR,-,-,-,-,,
T636,Deon Cain,FA,WR,-,-,-,-,,
T636,Jeff Caldwell,KC,WR,-,-,-,496.10,,
T636,Jalon Calhoun,FA,WR,-,-,-,-,,
T636,Antonio Callaway,FA,WR,-,-,-,-,,
T636,Marquez Callaway,FA,WR,-,-,-,-,,
T636,Dalen Cambre,NYG,WR,-,-,-,-,,
632,Josh Cameron,JAX,WR,631.00,-,631.00,341.10,,
T636,Jalen Camp,FA,WR,-,-,-,-,,
T636,Dalevon Campbell,LAC,WR,-,-,-,-,,
T636,Parris Campbell,DAL,WR,-,-,-,-,Reserve-Ret,Undisclosed
T636,Cam Camper,NYJ,WR,-,-,-,-,,
T636,Darren Carrington,FA,WR,-,-,-,-,,
T636,Quintez Cephus,FA,WR,-,-,-,-,,
T636,Mark Chapman,FA,WR,-,-,-,-,,
T636,DJ Chark,FA,WR,-,-,-,-,,
T636,Irvin Charles,SEA,WR,-,-,-,-,,
T636,Devin Carter,FA,WR,-,-,-,-,,
T636,Malachi Carter,FA,WR,-,-,-,-,,
T636,Kody Case,FA,WR,-,-,-,-,,
T636,Jaron Brown,FA,WR,-,-,-,-,,
T636,John Brown,FA,WR,-,-,-,-,,
T636,Kameron Brown,FA,WR,-,-,-,561.50,,
T636,Alex Bullock,JAX,WR,-,-,-,-,Reserve-Ret,Undisclosed
T636,Cole Burgess,PIT,WR,-,-,-,-,IR,Undisclosed
T636,Gerald Everett,FA,TE,-,-,-,-,,
324,Michael Ezeike,FA,TE,280.00,-,280.00,-,,
T636,Mason Fairchild,FA,TE,-,-,-,-,,
T636,Rivaldo Fairweather,ARI,TE,-,-,-,-,,
T636,Princeton Fant,DAL,TE,-,-,-,-,IR,Knee - ACL + MCL
T636,Luke Farrell,SF,TE,-,-,-,-,,
414,Nick Eubanks,FA,TE,340.50,-,340.50,-,,
T636,Troy Fumagalli,FA,TE,-,-,-,-,,
T636,Devin Funchess,FA,TE,-,-,-,-,,
T636,J.J. Galbreath,FA,TE,-,-,-,-,,
T636,Devon Garrison,FA,TE,-,-,-,-,,
T636,Izaiah Gathings,FA,TE,-,-,-,-,,
T636,Jameson Geers,ARI,TE,-,-,-,-,IR,Undisclosed
T636,Zach Gentry,FA,TE,-,-,-,-,,
T636,Thomas Fidone,NYG,TE,-,-,-,-,,
T636,Anthony Firkser,FA,TE,-,-,-,-,Ques,Leg
T636,Tucker Fisk,FA,TE,-,-,-,-,,
T636,John FitzPatrick,FA,TE,-,-,-,-,Ques,Achilles
T636,Kenny Fletcher,TB,TE,-,-,-,-,,
T636,Kevin Foelsch,FA,TE,-,-,-,-,,
T636,Miller Forristall,FA,TE,-,-,-,-,,
T636,Austin Fort,FA,TE,-,-,-,-,,
T636,Jody Fortson,FA,TE,-,-,-,-,,
T636,Cole Fotheringham,FA,TE,-,-,-,-,,
T636,Jeremiah Franklin,MIA,TE,-,-,-,-,,
T636,Feleipe Franks,CAR,TE,-,-,-,-,,
T636,Jordan Franks,FA,TE,-,-,-,-,,
T636,Brandon Frazier,FA,TE,-,-,-,-,,
T636,Garrett Dickerson,FA,TE,-,-,-,417.00,,
T636,Khalil Dinkins,FA,TE,-,-,-,-,Ques,Undisclosed
T636,CJ Dippre,NE,TE,-,-,-,-,,
T636,Will Dissly,FA,TE,-,-,-,-,Ques,Undisclosed
T636,Payne Durham,TB,TE,-,-,-,-,,
T636,Ross Dwelley,FA,TE,-,-,-,-,,
T636,Eric Ebron,FA,TE,-,-,-,-,,
T636,Alex Ellis,FA,TE,-,-,-,-,,
600,Naz Bohannon,FA,TE,551.50,-,551.50,554.50,,
T636,Tanner Arkin,NE,TE,-,-,-,-,,
T636,Dan Arnold,FA,TE,-,-,-,-,,
T636,Devin Asiasi,FA,TE,-,-,-,-,,
T636,Antony Auclair,FA,TE,-,-,-,-,,
T636,Josh Babicz,FA,TE,-,-,-,-,,
T636,Stephen Baggett,FA,TE,-,-,-,-,,
T636,Gavin Bartholomew,MIN,TE,-,-,-,-,Ques,Back
T636,Brenden Bates,CLE,TE,-,-,-,-,,
T636,John Bates,WAS,TE,-,-,-,-,Ques,Hamstring
T636,Ryan Becker,FA,TE,-,-,-,-,,
T636,Ben Beise,FA,TE,-,-,-,-,,
T636,Drew Belcher,FA,TE,-,-,-,-,,
T636,Blake Bell,FA,TE,-,-,-,-,,
T636,Jaheim Bell,PIT,TE,-,-,-,-,,
618,Daniel Bellinger,TEN,TE,607.50,-,607.50,-,,
T636,Luke Benson,FA,TE,-,-,-,-,,
T636,Dallen Bentley,DEN,TE,-,-,-,-,,
T636,Shaun Beyer,FA,TE,-,-,-,-,,
T636,Drew Biber,FA,TE,-,-,-,-,,
T636,Kendall Blanton,FA,TE,-,-,-,-,,
T636,Jibri Blount,FA,TE,-,-,-,-,,
T636,Thomas Greaney,FA,TE,-,-,-,-,,
T636,Farrod Green,FA,TE,-,-,-,-,,
T636,Seth Green,FA,TE,-,-,-,-,,
T636,Garrett Griffin,FA,TE,-,-,-,-,,
T636,Ryan Griffin,FA,TE,-,-,-,-,,
325,Nakia Griffin-Stewart,FA,TE,282.00,-,282.00,-,,
T636,Xavier Grimble,FA,TE,-,-,-,-,,
T636,Nick Guggemos,FA,TE,-,-,-,-,,
T636,Grayson Gunter,FA,TE,-,-,-,-,,
T636,Patrick Gurd,LV,TE,-,-,-,-,,
T636,John Michael Gyllenborg,KC,TE,-,-,-,557.50,IR,Knee
T636,Heinrich Haarberg,FA,TE,-,-,-,-,,
T636,Jeremiah Hall,FA,TE,-,-,-,-,,
T636,De'Quan Hampton,FA,TE,-,-,-,-,,
T636,Louis Hansen,FA,TE,-,-,-,-,,
T636,Cody Hardy,NO,TE,-,-,-,-,,
T636,Demetrius Harris,FA,TE,-,-,-,-,,
T636,Jackson Harris,FA,TE,-,-,-,-,,
T636,N'Keal Harry,FA,TE,-,-,-,-,,
T636,Jake Hausmann,FA,TE,-,-,-,-,,
T636,Jackson Hawes,BUF,TE,-,-,-,-,,
T636,Zach Heins,FA,TE,-,-,-,-,,
T636,Daniel Helm,FA,TE,-,-,-,-,,
T636,Elijah Higgins,ARI,TE,-,-,-,-,Ques,Concussion
T636,Julian Hill,NE,TE,-,-,-,-,IR,Knee
T636,Patrick Herbert,JAX,TE,-,-,-,-,,
T636,Chris Herndon,FA,TE,-,-,-,-,,
T636,Parker Hesse,FA,TE,-,-,-,-,,
T636,Noah Gindorff,FA,TE,-,-,-,-,,
T636,Nolan Givan,FA,TE,-,-,-,-,,
T636,Peyton Hendershot,FA,TE,-,-,-,-,,
T636,Thomas Gordon,DET,TE,-,-,-,-,,
T636,Cam Grandy,CIN,TE,-,-,-,-,,
T636,Colin Granger,FA,TE,-,-,-,-,,
T636,Kylen Granson,TEN,TE,-,-,-,-,,
T636,Alex Gray,FA,TE,-,-,-,-,,
T636,Will Kacmarek,MIA,TE,-,-,-,374.10,,
T636,Nikola Kalinic,CHI,TE,-,-,-,-,Ques,Knee
T636,Nick Kallerup,SEA,TE,-,-,-,-,,
T636,Hunter Kampmoyer,FA,TE,-,-,-,-,,
T636,Jaren Kanak,TEN,TE,-,-,-,347.80,Out,Pectoral
T636,Josh Kattus,CIN,TE,-,-,-,512.00,,
T636,Dalton Keene,FA,TE,-,-,-,-,,
T636,Neal Johnson,FA,TE,-,-,-,-,,
T636,Rohan Jones,LAR,TE,-,-,-,-,,
T636,Ryan Jones,FA,TE,-,-,-,-,,
T636,Curtis Hodges,FA,TE,-,-,-,-,,
T636,Dallin Holker,FA,TE,-,-,-,-,,
T636,Alec Holler,FA,TE,-,-,-,-,,
T636,Jacob Hollister,FA,TE,-,-,-,-,,
T636,J.P. Holtz,FA,TE,-,-,-,-,,
369,Joel Honigford,FA,TE,317.00,-,317.00,-,,
T636,Austin Hooper,ATL,TE,-,-,-,-,,
T636,Brycen Hopkins,FA,TE,-,-,-,-,,
T636,Jesper Horsted,FA,TE,-,-,-,-,,
T636,Zach Horton,DET,TE,-,-,-,-,,
T636,Parker Houston,FA,TE,-,-,-,-,,
T636,Bug Howard,FA,TE,-,-,-,-,,
T636,O.J. Howard,FA,TE,-,-,-,-,,
T636,J.J. Howland,FA,TE,-,-,-,549.00,,
T636,Garrett Hudson,FA,TE,-,-,-,-,,
T636,Tanner Hudson,CIN,TE,-,-,-,-,,
T636,Tommy Hudson,FA,TE,-,-,-,-,,
T636,Connor Hulstein,NYJ,TE,-,-,-,-,,
T636,Cole Hunt,FA,TE,-,-,-,-,,
T636,Qadir Ismail,CHI,TE,-,-,-,-,,
T636,Ryan Izzo,FA,TE,-,-,-,-,,
T636,Kalif Jackson,FA,TE,-,-,-,-,,
T636,Tyree Jackson,FA,TE,-,-,-,-,Ques,Undisclosed
T636,Michael Jacobson,FA,TE,-,-,-,-,,
T636,Jesse James,FA,TE,-,-,-,-,,
T636,Blake Jarwin,FA,TE,-,-,-,-,,
T636,E.J. Jenkins,PHI,TE,-,-,-,-,,
T636,Rysen John,FA,TE,-,-,-,-,,
T636,Justin Johnson,FA,TE,-,-,-,-,,
T636,Marcelias Sutton,FA,RB,-,-,-,-,,
T636,Terry Swanson,FA,RB,-,-,-,-,,
623,Titus Swen,FA,RB,617.50,-,617.50,560.00,,
T636,Terion Stewart,FA,RB,-,-,-,570.50,,
T636,Tre Stewart,ARI,RB,-,-,-,-,,
T636,Justin Stockton,FA,RB,-,-,-,-,,
T636,Dontae Strickland,FA,RB,-,-,-,-,,
T636,Chris Smith,FA,RB,-,-,-,-,,
T636,EJ Smith,KC,RB,-,-,-,-,,
T636,Ito Smith,FA,RB,-,-,-,-,,
T636,Rodney Smith,FA,RB,-,-,-,-,,
T636,Benny Snell,FA,RB,-,-,-,-,,
T636,Isaiah Spiller,FA,RB,-,-,-,-,,
T636,Darren Sproles,FA,RB,-,-,-,-,,
T636,William Stanback,FA,RB,-,-,-,-,,
T636,Carson Steele,PHI,RB,-,-,-,-,,
T636,Markese Stepp,FA,RB,-,-,-,-,,
T636,Cody Schrader,DEN,RB,-,-,-,-,,
T636,Boston Scott,FA,RB,-,-,-,-,,
T636,Sam Scott,NYJ,RB,-,-,-,-,,
T636,Stevie Scott,FA,RB,-,-,-,-,,
T636,Zavier Scott,MIN,RB,-,-,-,-,,
T636,Trey Sermon,ATL,RB,-,-,-,-,,
T636,Aaron Shampklin,FA,RB,-,-,-,-,,
485,Will Shipley,PHI,RB,376.00,-,376.00,-,,
T636,Jaden Shirden,FA,RB,-,-,-,-,,
T636,Blake Sims,FA,RB,-,-,-,-,,
T636,Wendell Smallwood,FA,RB,-,-,-,-,,
T636,Abram Smith,FA,RB,-,-,-,-,,
T636,Jaylen Samuels,FA,RB,-,-,-,-,,
T636,Miles Sanders,FA,RB,-,-,-,-,,
564,Raheim Sanders,CLE,RB,436.00,-,436.00,471.70,,
T636,Mekhi Sargent,FA,RB,-,-,-,-,,
T636,J.J. Taylor,FA,RB,-,-,-,-,,
T636,Elijah Tau-Tolliver,BAL,RB,-,-,-,-,,
T636,Toa Taua,FA,RB,-,-,-,-,,
T636,Wayne Taulapapa,FA,RB,-,-,-,-,,
T636,Corey Taylor,FA,RB,-,-,-,-,,
T636,Patrick Taylor,SF,RB,-,-,-,-,,
T636,Master Teague,FA,RB,-,-,-,-,,
462,Chris Thompson,FA,RB,364.30,-,364.30,-,,
T636,Darwin Thompson,FA,RB,-,-,-,-,,
320,SaRodorick Thompson,FA,RB,277.00,-,277.00,-,,
T636,Lenard Tillery,FA,RB,-,-,-,-,,
T636,Lawrance Toafili,FA,RB,-,-,-,-,,
T636,DeAndre Torrey,FA,RB,-,-,-,-,,
316,Xazavian Valladay,FA,RB,273.00,-,273.00,-,,
596,Deuce Vaughn,FA,RB,536.00,-,536.00,528.00,,
T636,Jordon Vaughn,FA,RB,-,-,-,-,,
T636,Ke'Shawn Vaughn,FA,RB,-,-,-,-,,
T636,CJ Verdell,FA,RB,-,-,-,-,,
T636,De'Montre Tuggle,FA,RB,-,-,-,-,,
T636,Xavier Turner,FA,RB,-,-,-,-,,
T636,Chip Trayanum,NYJ,RB,-,-,-,-,,
T636,Christian Wade,FA,RB,-,-,-,-,,
T636,Calvin Tyler,FA,RB,-,-,-,-,,
T636,Anthony Tyus,CAR,RB,-,-,-,-,,
T636,Mark Walton,FA,RB,-,-,-,-,,
T636,Jonathan Ward,FA,RB,-,-,-,-,,
T636,Aca'Cedric Ware,FA,RB,-,-,-,-,,
T636,Chris Warren,FA,RB,-,-,-,-,,
T636,ZaQuandre White,FA,RB,-,-,-,-,,
T636,Noah Whittington,HOU,RB,-,-,-,-,,
T636,Michael Wiley,FA,RB,-,-,-,-,Ques,Undisclosed
T636,Jordan Wilkins,FA,RB,-,-,-,-,,
T636,Antonio Williams,FA,RB,-,-,-,-,,
T636,D.J. Williams,FA,RB,-,-,-,-,Ques,Undisclosed
T636,Darrel Williams,FA,RB,-,-,-,-,,
T636,Dexter Williams,FA,RB,-,-,-,-,,
T636,Jamaal Williams,FA,RB,-,-,-,-,,
T636,Jordan Waters,LAR,RB,-,-,-,-,,
T636,Blake Watson,FA,RB,-,-,-,-,Ques,Undisclosed
T636,Shane Watts,FA,RB,-,-,-,-,,
T636,Mike Weber,FA,RB,-,-,-,-,,
T636,Devwah Whaley,FA,RB,-,-,-,-,,
T636,Ian Wheeler,BUF,RB,-,-,-,-,,
T636,Jalen White,FA,RB,-,-,-,-,,
T636,Jeff Wilson,FA,RB,-,-,-,-,,
T636,Jacardia Wright,SEA,RB,-,-,-,-,,
T636,Austin Allen,FA,TE,-,-,-,-,,
T636,Chase Allen,FA,TE,-,-,-,-,,
T636,Davis Allen,LAR,TE,-,-,-,-,Ques,Quadriceps
T636,Stephen Anderson,FA,TE,-,-,-,-,,
338,Carlos Washington,MIA,RB,295.00,-,295.00,-,,
T636,Dwayne Washington,FA,RB,-,-,-,-,,
319,Josh Williams,TB,RB,276.00,-,276.00,-,,
T636,Pooka Williams,FA,RB,-,-,-,-,,
T636,Rasheed Williams,FA,RB,-,-,-,-,,
516,Roydell Williams,IND,RB,392.50,-,392.50,-,,
T636,TaMerik Williams,FA,RB,-,-,-,-,,
T636,Trayveon Williams,DET,RB,-,-,-,-,,
T636,Ty'Son Williams,FA,RB,-,-,-,-,,
T636,Nick Bowers,FA,TE,-,-,-,-,,
T636,Shawn Bowman,ARI,TE,-,-,-,-,,
T636,Nick Boyle,FA,TE,-,-,-,-,,
T636,Jerand Bradley,LAC,TE,-,-,-,-,,
T636,Cameron Brate,FA,TE,-,-,-,-,,
T636,Jacob Breeland,FA,TE,-,-,-,-,,
T636,Cade Brewer,FA,TE,-,-,-,-,,
T636,Jake Briningstool,KC,TE,-,-,-,-,,
T636,Romello Brooker,FA,TE,-,-,-,-,,
T636,Keenen Brown,FA,TE,-,-,-,-,,
T636,Pharaoh Brown,IND,TE,-,-,-,-,,
T636,Ernst Brun,FA,TE,-,-,-,-,,
T636,Harrison Bryant,FA,TE,-,-,-,-,Ques,Undisclosed
T636,Ian Bunting,FA,TE,-,-,-,-,,
T636,Jake Burt,FA,TE,-,-,-,-,,
T636,Trey Burton,FA,TE,-,-,-,-,,
T636,Matt Bushman,FA,TE,-,-,-,-,,
T636,Damien Caffrey,FA,TE,-,-,-,-,,
T636,Lawrence Cager,WAS,TE,-,-,-,-,,
T636,Grant Calcaterra,PHI,TE,-,-,-,-,,
T636,Sal Cannella,FA,TE,-,-,-,-,,
T636,Oscar Cardenas,FA,TE,-,-,-,-,,
T636,Stephen Carlson,CHI,TE,-,-,-,-,,
T636,Derek Carrier,FA,TE,-,-,-,-,,
T636,Cethan Carter,FA,TE,-,-,-,-,,
T636,Roger Carter,FA,TE,-,-,-,-,,
T636,McCallan Castles,GB,TE,-,-,-,-,,
T636,Darion Clark,FA,TE,-,-,-,-,,
T636,Charles Clay,FA,TE,-,-,-,-,,
T636,Tyler Conklin,DET,TE,-,-,-,-,,
T636,Ethan Conner,JAX,TE,-,-,-,-,,
573,Tanner Conner,NYG,TE,458.00,-,458.00,-,,
T636,Pat Conroy,FA,TE,-,-,-,-,,
T636,Jalin Conyers,FA,TE,-,-,-,-,,
T636,Jared Cook,FA,TE,-,-,-,-,,
T636,John Copenhaver,FA,TE,-,-,-,-,,
T636,Sam Cotton,FA,TE,-,-,-,-,,
T636,Daniel Crawford,FA,TE,-,-,-,-,,
T636,Jason Croom,FA,TE,-,-,-,-,,
T636,Micky Crum,FA,TE,-,-,-,-,,
T636,Josh Cuevas,BAL,TE,-,-,-,514.50,,
T636,Devin Culp,TB,TE,-,-,-,-,,
T636,Jerome Cunningham,FA,TE,-,-,-,-,,
T636,Baylor Cupp,ARI,TE,-,-,-,-,,
T636,Chase Curtis,NYJ,TE,-,-,-,-,,
T636,Drake Dabney,GB,TE,-,-,-,-,,
T636,Dominique Dafney,FA,TE,-,-,-,-,,
T636,Darrell Daniels,FA,TE,-,-,-,-,,
T636,Zach Davidson,FA,TE,-,-,-,-,,
T636,Tyler Davis,FA,TE,-,-,-,-,,
T636,Luke Deal,FA,TE,-,-,-,-,Ques,Undisclosed
T636,Easton Dean,FA,TE,-,-,-,-,,
T636,Derrick Deese,FA,TE,-,-,-,-,,
T636,Josiah Deguara,SF,TE,-,-,-,-,,
T636,Nay'Quan Wright,FA,RB,-,-,-,-,,
T636,Owen Wright,HOU,RB,-,-,-,-,,
T636,Marcus Yarns,FA,RB,-,-,-,-,,
T636,T.J. Yeldon,FA,RB,-,-,-,-,,
T636,Elijah Young,FA,RB,-,-,-,-,,
T636,Marquis Young,FA,RB,-,-,-,-,,
420,Zach Zenner,FA,RB,344.00,-,344.00,-,,
T636,Micah Abernathy,FA,S,-,-,-,-,,
T636,Johnathan Abram,FA,S,-,-,-,-,,
T636,Jamal Adams,MIN,S,-,-,-,-,Ques,Knee
T636,Tony Adams,TEN,S,-,-,-,-,,
T636,Nasir Adderley,FA,S,-,-,-,-,,
T636,Jon Alexander,FA,S,-,-,-,-,,
T636,Ugo Amadi,NYG,S,-,-,-,-,,
T636,Adrian Amos,FA,S,-,-,-,-,,
T636,Nick Andersen,LAR,S,-,-,-,-,,
T636,Tycen Anderson,DEN,S,-,-,-,-,,
T636,Zayne Anderson,MIA,S,-,-,-,-,,
T636,Daijahn Anthony,CIN,S,-,-,-,-,,
T636,Grayland Arnold,FA,S,-,-,-,-,,
T636,Noah Avinger,LAC,S,-,-,-,-,,
T636,Budda Baker,ARI,S,-,-,-,-,,
T636,Marcus Banks,TB,S,-,-,-,-,,
T636,Jessie Bates,ATL,S,-,-,-,-,Ques,Back
T636,John Battle,FA,S,-,-,-,-,,
T636,Jordan Battle,CIN,S,-,-,-,-,,
T636,D'Anthony Bell,SEA,S,-,-,-,-,,
T636,Markquese Bell,DAL,S,-,-,-,-,,
T636,Vonn Bell,FA,S,-,-,-,-,,
T636,Dane Belton,NYJ,S,-,-,-,-,,
T636,Cole Bishop,BUF,S,-,-,-,-,,
T636,Julian Blackmon,NO,S,-,-,-,-,,
T636,Marquise Blair,FA,S,-,-,-,-,,
T636,Reed Blankenship,HOU,S,-,-,-,-,,
T636,Joey Blount,ARI,S,-,-,-,-,IR,Neck
T636,Bubba Bolden,FA,S,-,-,-,-,,
T636,Billy Bowman,ATL,S,-,-,-,-,PUP-P,Achilles
T636,Beau Brade,NYG,S,-,-,-,-,,
T636,Brian Branch,DET,S,-,-,-,-,PUP-P,Achilles
T636,Jaquan Brisker,PIT,S,-,-,-,-,,
T636,Kendell Brooks,TEN,S,-,-,-,-,,
T636,Larry Brooks,FA,S,-,-,-,-,,
T636,Aamaris Brown,DET,S,-,-,-,-,,
T636,Austin Brown,IND,S,-,-,-,-,,
T636,Ji'Ayir Brown,SF,S,-,-,-,-,,
T636,Mike Brown,NE,S,-,-,-,-,,
T636,Omar Brown,FA,S,-,-,-,-,Ques,Undisclosed
T636,Sydney Brown,ATL,S,-,-,-,-,,
T636,Coby Bryant,CHI,S,-,-,-,-,Out,Knee
T636,Javon Bullard,GB,S,-,-,-,-,Ques,Foot
T636,Calen Bullock,HOU,S,-,-,-,-,,
T636,Terrell Burgess,NO,S,-,-,-,-,,
T636,Major Burns,MIA,S,-,-,-,-,,
T636,Deon Bush,FA,S,-,-,-,-,Ques,Achilles
T636,Percy Butler,WAS,S,-,-,-,-,,
T636,Kevin Byard,NE,S,-,-,-,-,,
T636,Camryn Bynum,IND,S,-,-,-,-,,
T636,Elijah Campbell,NYG,S,-,-,-,-,,
T636,Derrick Canteen,TEN,S,-,-,-,-,,
T636,Sebastian Castro,PIT,S,-,-,-,-,,
T636,Andre Chachere,FA,S,-,-,-,-,,
T636,Duce Chestnut,FA,S,-,-,-,-,,
T636,Zion Childress,DAL,S,-,-,-,-,Ques,Hamstring
T636,Jeremy Chinn,LV,S,-,-,-,-,,
T636,Lewis Cine,FA,S,-,-,-,-,,
T636,Andre Cisco,NYJ,S,-,-,-,-,,
T636,Alijah Clark,DAL,S,-,-,-,-,Ques,Ankle
T636,Bud Clark,SEA,S,-,-,-,-,,
T636,Chuck Clark,DET,S,-,-,-,-,,
T636,Dean Clark,NYJ,S,-,-,-,-,,
T636,Hudson Clark,FA,S,-,-,-,-,,
T636,Adrian Colbert,FA,S,-,-,-,-,,
T636,Ja'Qurious Conley,FA,S,-,-,-,-,Ques,Undisclosed
T636,Chamarri Conner,KC,S,-,-,-,-,,
T636,Alex Cook,LAR,S,-,-,-,-,,
T636,Bryan Cook,CIN,S,-,-,-,-,Ques,Undisclosed
T636,Kitan Crawford,ARI,S,-,-,-,-,,
T636,Nick Cross,WAS,S,-,-,-,-,,
T636,Dane Cruikshank,FA,S,-,-,-,-,,
T636,Kamren Curl,LAR,S,-,-,-,-,,
T636,Marcel Dabo,FA,S,-,-,-,-,,
T636,Ashtyn Davis,SF,S,-,-,-,-,,
T636,Elliott Davison,NO,S,-,-,-,-,,
T636,Trey Dean,GB,S,-,-,-,-,,
T636,Cooper DeJean,PHI,S,-,-,-,-,Ques,Groin
T636,Grant Delpit,CLE,S,-,-,-,-,,
T636,Ben DeLuca,FA,S,-,-,-,-,,
T636,Trevor Denbow,FA,S,-,-,-,-,,
T636,Quandre Diggs,FA,S,-,-,-,-,,
T636,Malik Dixon-Williams,FA,S,-,-,-,-,,
T636,Caleb Downs,DAL,S,-,-,-,-,,
T636,Kyle Dugger,CIN,S,-,-,-,-,,
T636,Christopher Edmonds,CLE,S,-,-,-,-,,
T636,Terrell Edmunds,FA,S,-,-,-,-,,
T636,Mike Edwards,FA,S,-,-,-,-,,
T636,DeShon Elliott,PIT,S,-,-,-,-,,
T636,Jalen Elliott,FA,S,-,-,-,-,,
T636,Nick Emmanwori,SEA,S,-,-,-,-,Ques,Ankle
T636,Marcus Epps,PHI,S,-,-,-,-,,
T636,AJ Finley,SEA,S,-,-,-,-,,
T636,Bishop Fitzgerald,TEN,S,-,-,-,-,,
T636,Minkah Fitzpatrick,NYJ,S,-,-,-,-,,
T636,Darrick Forrest,SF,S,-,-,-,-,IR,Undisclosed
T636,Sam Franklin,BUF,S,-,-,-,-,,
T636,Jordan Fuller,FA,S,-,-,-,-,,
T636,C.J. Gardner-Johnson,BUF,S,-,-,-,-,,
T636,Marcus Gilchrist,FA,S,-,-,-,-,,
T636,Alohi Gilman,KC,S,-,-,-,-,,
T636,Tashaun Gipson,FA,S,-,-,-,-,,
T636,Devin Grant,LAC,S,-,-,-,-,,
T636,Richie Grant,FA,S,-,-,-,-,,
T636,J.T. Gray,PHI,S,-,-,-,-,,
T636,T.J. Green,FA,S,-,-,-,-,,
T636,Kapena Gushiken,PHI,S,-,-,-,-,,
T636,Kahlef Hailassie,MIN,S,-,-,-,-,,
T636,Erick Hallett,TEN,S,-,-,-,-,,
T636,Kyle Hamilton,BAL,S,-,-,-,-,,
T636,Damar Hamlin,BUF,S,-,-,-,-,,
T636,Jordan Hancock,BUF,S,-,-,-,-,,
T636,Thomas Harper,DET,S,-,-,-,-,,
T636,Will Harris,WAS,S,-,-,-,-,,
T636,A.J. Haulcy,IND,S,-,-,-,-,,
T636,Jaylinn Hawkins,BAL,S,-,-,-,-,,
T636,DeMarcco Hellams,ATL,S,-,-,-,-,,
T636,Jack Henderson,PIT,S,-,-,-,-,,
T636,Ronnie Hickman,CLE,S,-,-,-,-,,
T636,Elijah Hicks,CHI,S,-,-,-,-,PUP-P,Shin
T636,Jaden Hicks,KC,S,-,-,-,-,,
T636,Brandon Hill,FA,S,-,-,-,-,,
T636,Jevon Holland,NYG,S,-,-,-,-,,
T636,Maxen Hook,SEA,S,-,-,-,-,,
T636,Amani Hooker,TEN,S,-,-,-,-,,
T636,Malik Hooker,DAL,S,-,-,-,-,,
T636,Jordan Howden,NO,S,-,-,-,-,,
T636,Talanoa Hufanga,DEN,S,-,-,-,-,,
T636,Jalen Huskey,JAX,S,-,-,-,-,,
T636,Desmond Igbinosun,FA,S,-,-,-,-,,
T636,Tanner Ingle,LAR,S,-,-,-,-,,
T636,Daniel Isom,FA,S,-,-,-,-,,
T636,Christian Izien,DET,S,-,-,-,-,,
T636,Dan Jackson,DET,S,-,-,-,-,,
T636,Eddie Jackson,FA,S,-,-,-,-,,
T636,Kareem Jackson,FA,S,-,-,-,-,,
T636,Keondre Jackson,BAL,S,-,-,-,-,,
T636,Matthew Jackson,FA,S,-,-,-,-,,
T636,Theo Jackson,MIN,S,-,-,-,-,,
T636,Derwin James,LAC,S,-,-,-,-,,
T636,Tony Jefferson,LAC,S,-,-,-,-,,
T636,Rayshawn Jenkins,PIT,S,-,-,-,-,,
T636,Anthony Johnson,CHI,S,-,-,-,-,,
T636,Antonio Johnson,JAX,S,-,-,-,-,,
T636,Dalton Johnson,LV,S,-,-,-,-,,
T636,John Johnson,FA,S,-,-,-,-,,
T636,Lonnie Johnson,MIA,S,-,-,-,-,Ques,Leg
T636,Quindell Johnson,FA,S,-,-,-,-,,
T636,Tysheem Johnson,FA,S,-,-,-,-,,
T636,Brandon Jones,DEN,S,-,-,-,-,,
T636,Colin Jones,FA,S,-,-,-,-,,
T636,Brandon Joseph,FA,S,-,-,-,-,,
T636,Kerby Joseph,DET,S,-,-,-,-,PUP-P,Knee
T636,PJ Jules,CIN,S,-,-,-,-,,
T636,Sanoussi Kane,TEN,S,-,-,-,-,IR,Undisclosed
T636,Damontae Kazee,FA,S,-,-,-,-,,
T636,Murvin Kenion,GB,S,-,-,-,-,,
T636,Devon Key,DEN,S,-,-,-,-,,
T636,Jaylen Key,FA,S,-,-,-,-,,
T636,Jalon Kilgore,BUF,S,-,-,-,-,,
T636,Miles Killebrew,TB,S,-,-,-,-,,
T636,Kamren Kinchens,LAR,S,-,-,-,-,,
T636,Qwuantrezz Knight,WAS,S,-,-,-,-,,
T636,Kevin Knowles,KC,S,-,-,-,-,,
T636,Devin Lafayette,LV,S,-,-,-,-,,
T636,Quentin Lake,LAR,S,-,-,-,-,,
T636,Rayuan Lane,JAX,S,-,-,-,-,,
T636,Tucker Large,PHI,S,-,-,-,-,NFI-R,Undisclosed
T636,Raheem Layne,NYG,S,-,-,-,-,,
T636,Dallin Leavitt,FA,S,-,-,-,-,,
T636,Cam Lewis,CHI,S,-,-,-,-,Ques,Leg
T636,P.J. Locke,DAL,S,-,-,-,-,Ques,Knee
T636,Julian Love,SEA,S,-,-,-,-,,
T636,Reuben Lowery,IND,S,-,-,-,-,Reserve-Ret,Undisclosed
T636,Peter Manuma,NE,S,-,-,-,-,,
T636,Quan Martin,WAS,S,-,-,-,-,,
T636,Tyrann Mathieu,FA,S,-,-,-,-,,
T636,Marcus Maye,FA,S,-,-,-,-,,
T636,Bobby McCain,FA,S,-,-,-,-,,
T636,Tanner McCalister,KC,S,-,-,-,-,,
T636,Jaylen McCollough,LAR,S,-,-,-,-,,
T636,Tristin McCollum,LV,S,-,-,-,-,,
T636,Robert McDaniel,FA,S,-,-,-,-,,
T636,Xavier McKinney,GB,S,-,-,-,-,,
T636,Donovan McMillon,CLE,S,-,-,-,-,,
T636,Patrick McMorris,SF,S,-,-,-,-,,
T636,Emmanuel McNeil-Warren,CLE,S,-,-,-,-,,
T636,Jairon McVea,FA,S,-,-,-,-,,
T636,Ifeatu Melifonwu,TB,S,-,-,-,-,,
T636,Kaevon Merriweather,HOU,S,-,-,-,-,,
T636,Josh Metellus,MIN,S,-,-,-,-,Ques,Shoulder
T636,RJ Mickens,LAC,S,-,-,-,-,,
T636,Jalen Mills,FA,S,-,-,-,-,,
T636,Tre'von Moehrig,CAR,S,-,-,-,-,,
T636,Elijah Molden,LAC,S,-,-,-,-,,
T636,Jarius Monroe,NYJ,S,-,-,-,-,,
T636,Louis Moore,MIA,S,-,-,-,-,,
T636,Malachi Moore,NYJ,S,-,-,-,-,,
T636,Tarvarius Moore,FA,S,-,-,-,-,,
T636,Jordan Mosley,FA,S,-,-,-,-,,
T636,Israel Mukuamu,PIT,S,-,-,-,-,Ques,Undisclosed
T636,Andrew Mukuba,PHI,S,-,-,-,-,,
T636,Eric Murray,JAX,S,-,-,-,-,,
T636,Malik Mustapha,SF,S,-,-,-,-,Ques,Hamstring
T636,Devin Neal,JAX,S,-,-,-,-,,
T636,Ryan Neal,FA,S,-,-,-,-,,
T636,Siran Neal,SF,S,-,-,-,-,,
T636,Ben Nikkel,IND,S,-,-,-,-,,
T636,Morice Norris,FA,S,-,-,-,-,Ques,Concussion
T636,Tyler Nubin,NYG,S,-,-,-,-,,
T636,Xavier Nwankpa,KC,S,-,-,-,-,,
T636,Isaiah Nwokobia,FA,S,-,-,-,-,Ques,Undisclosed
T636,George Odum,FA,S,-,-,-,-,,
T636,Ty Okada,SEA,S,-,-,-,-,,
T636,Kitan Oladapo,GB,S,-,-,-,-,,
T636,Isaiah Oliver,ARI,S,-,-,-,-,,
T636,Gervarrius Owens,CHI,S,-,-,-,-,IR,Undisclosed
T636,Jonathan Owens,IND,S,-,-,-,-,,
T636,Tyler Owens,WAS,S,-,-,-,-,,
T636,Wande Owens,BUF,S,-,-,-,-,,
T636,Ayo Oyelola,FA,S,-,-,-,-,,
T636,Makari Paige,FA,S,-,-,-,-,,
T636,VJ Payne,NYJ,S,-,-,-,-,Ques,Undisclosed
T636,Jabrill Peppers,FA,S,-,-,-,-,,
T636,Devyn Perkins,LV,S,-,-,-,-,,
T636,Mark Perry,GB,S,-,-,-,-,,
T636,Dell Pettus,NE,S,-,-,-,-,,
T636,Jalyn Phillips,FA,S,-,-,-,-,,
T636,Jason Pinnock,NYG,S,-,-,-,-,,
T636,Isaiah Pola-Mao,LV,S,-,-,-,-,,
T636,Jordan Poyer,FA,S,-,-,-,-,Ques,Hamstring
T636,Josh Proctor,FA,S,-,-,-,-,,
T636,Maximus Pulley,PHI,S,-,-,-,-,,
T636,Jalen Ramsey,PIT,S,-,-,-,-,PUP-P,Knee
T636,Kamari Ramsey,HOU,S,-,-,-,-,,
T636,Caleb Ransaw,JAX,S,-,-,-,-,Ques,Lower Body
T636,Lathan Ransom,CAR,S,-,-,-,-,,
T636,Taylor Rapp,FA,S,-,-,-,-,,
T636,Jeremy Reaves,WAS,S,-,-,-,-,,
T636,Jaylen Reed,HOU,S,-,-,-,-,,
T636,Jerrick Reed,TEN,S,-,-,-,-,,
T636,Justin Reid,NO,S,-,-,-,-,,
T636,Demani Richardson,CAR,S,-,-,-,-,,
T636,J.J. Roberts,TB,S,-,-,-,-,Ques,Knee
T636,Parker Robertson,DEN,S,-,-,-,-,,
T636,Jahquez Robinson,BAL,S,-,-,-,-,Ques,Shoulder
T636,Jammie Robinson,ATL,S,-,-,-,-,,
T636,Myles Rowser,FA,S,-,-,-,-,,
T636,Andre' Sam,PHI,S,-,-,-,-,,
T636,Shilo Sanders,FA,S,-,-,-,-,,
T636,Jonas Sanker,NO,S,-,-,-,-,,
T636,Benny Sapp,FA,S,-,-,-,-,,
T636,John Saunders,NE,S,-,-,-,-,,
T636,Darnell Savage,FA,S,-,-,-,-,,
T636,Brenden Schooler,NE,S,-,-,-,-,NFI-A,Undisclosed
T636,Daniel Scott,IND,S,-,-,-,-,,
T636,Miles Scott,DEN,S,-,-,-,-,,
T636,Nick Scott,CAR,S,-,-,-,-,,
T636,Marlen Sewell,CHI,S,-,-,-,-,,
T636,Marques Sigle,SF,S,-,-,-,-,,
T636,Cam'Ron Silmon-Craig,JAX,S,-,-,-,-,,
T636,Isaiah Simmons,CAR,S,-,-,-,-,,
T636,Justin Simmons,FA,S,-,-,-,-,,
T636,DeShon Singleton,KC,S,-,-,-,-,,
T636,JL Skinner,DEN,S,-,-,-,-,,
T636,Chris Smith,FA,S,-,-,-,-,Ques,Undisclosed
T636,DQ Smith,FA,S,-,-,-,-,,
T636,Genesis Smith,LAC,S,-,-,-,-,,
T636,Harrison Smith,FA,S,-,-,-,-,,
T636,Tykee Smith,TB,S,-,-,-,-,,
T636,Daniel Sorensen,FA,S,-,-,-,-,,
T636,Robert Spears-Jennings,PIT,S,-,-,-,-,,
T636,Malik Spencer,WAS,S,-,-,-,-,,
T636,Malaki Starks,BAL,S,-,-,-,-,,
T636,M.J. Stewart,HOU,S,-,-,-,-,PUP-P,Quadriceps
T636,Geno Stone,BUF,S,-,-,-,-,,
T636,Loren Strickland,DET,S,-,-,-,-,,
T636,Jalen Stroman,SF,S,-,-,-,-,,
T636,Treydan Stukes,LV,S,-,-,-,-,,
T636,Lorenzo Styles,NO,S,-,-,-,-,,
T636,Michael Taaffe,MIA,S,-,-,-,-,,
T636,Jason Taylor,FA,S,-,-,-,-,,
T636,Trey Taylor,FA,S,-,-,-,-,,
T636,Dadrion Taylor-Demerson,ARI,S,-,-,-,-,,
T636,Roderic Teamer,FA,S,-,-,-,-,,
T636,Dillon Thieneman,CHI,S,-,-,-,-,,
T636,A.J. Thomas,FA,S,-,-,-,-,,
T636,Daniel Thomas,CLE,S,-,-,-,-,,
T636,Jacob Thomas,MIN,S,-,-,-,-,,
T636,Jakobe Thomas,MIN,S,-,-,-,-,Ques,Back
T636,Juanyeh Thomas,IND,S,-,-,-,-,,
T636,Michael Thomas,FA,S,-,-,-,-,,
T636,Rodney Thomas,SEA,S,-,-,-,-,,
T636,Trevian Thomas,JAX,S,-,-,-,-,,
T636,Jalen Thompson,DAL,S,-,-,-,-,,
T636,Trenton Thompson,FA,S,-,-,-,-,,
T636,Juan Thornhill,FA,S,-,-,-,-,,
T636,Dante Trader,MIA,S,-,-,-,-,,
T636,Nolan Turner,FA,S,-,-,-,-,,
T636,Delarrin Turner-Yell,FA,S,-,-,-,-,Ques,Knee
T636,Nate Valcarcel,LAR,S,-,-,-,-,,
T636,La'Kendrick Van Zandt,FA,S,-,-,-,-,,
T636,Tanner Wall,MIA,S,-,-,-,-,,
T636,K'Von Wallace,BAL,S,-,-,-,-,,
T636,Silas Walters,BAL,S,-,-,-,-,,
T636,Jay Ward,MIN,S,-,-,-,-,Ques,Concussion
T636,Jimmie Ward,FA,S,-,-,-,-,Ques,Foot
T636,Ar'Darius Washington,NYG,S,-,-,-,-,,
T636,Trey Washington,IND,S,-,-,-,-,,
T636,Zion Washington,CLE,S,-,-,-,-,,
T636,Xavier Watts,ATL,S,-,-,-,-,Ques,Undisclosed
T636,Lardarius Webb,BAL,S,-,-,-,-,,
T636,Tre Webb,FA,S,-,-,-,-,,
T636,Zakee Wheatley,CAR,S,-,-,-,-,,
T636,Jordan Whitehead,FA,S,-,-,-,-,,
T636,James Wiggins,FA,S,-,-,-,-,,
T636,Evan Williams,GB,S,-,-,-,-,,
T636,Marcus Williams,FA,S,-,-,-,-,,
T636,Wydett Williams,ARI,S,-,-,-,-,,
T636,Kendall Williamson,LAC,S,-,-,-,-,,
T636,Donovan Wilson,FA,S,-,-,-,-,,
T636,Antoine Winfield,TB,S,-,-,-,-,,
T636,Andrew Wingard,ARI,S,-,-,-,-,,
T636,Kevin Winston,TEN,S,-,-,-,-,,
T636,Rashad Wisdom,TB,S,-,-,-,-,,
T636,Cole Wisniewski,PHI,S,-,-,-,-,Ques,Hamstring
T636,Hunter Wohler,IND,S,-,-,-,-,,
T636,Julius Wood,DAL,S,-,-,-,-,,
T636,JT Woods,NYG,S,-,-,-,-,,
T636,Xavier Woods,CHI,S,-,-,-,-,Ques,Groin
T636,Craig Woodson,NE,S,-,-,-,-,,
T636,Daryl Worley,FA,S,-,-,-,-,,
T636,Larry Worth,SF,S,-,-,-,-,,
T636,Russ Yeast,CIN,S,-,-,-,-,,
T636,Jerell Adams,FA,TE,-,-,-,-,,
T636,Nate Adkins,DEN,TE,-,-,-,-,,
T636,Jordan Akins,FA,TE,-,-,-,-,,
T636,Jalen Moreno-Cropper,NO,WR,-,-,-,-,,
T636,Stanley Morgan,FA,WR,-,-,-,-,,
T636,Taylor Morin,FA,WR,-,-,-,-,,
T636,Mante' Morrow,FA,WR,-,-,-,-,,
T636,Tre Mosley,FA,WR,-,-,-,-,,
453,Moose Muhammad,FA,WR,361.00,-,361.00,-,,
T636,Nick Nash,WAS,WR,-,-,-,-,,
T636,JoJo Natson,FA,WR,-,-,-,-,,
T636,J.J. Nelson,FA,WR,-,-,-,-,,
T636,Dazz Newsome,FA,WR,-,-,-,-,,
T636,Jerjuan Newton,FA,WR,-,-,-,-,,
T636,Isaiah Neyor,GB,WR,-,-,-,-,,
T636,Joseph Ngata,FA,WR,-,-,-,-,,
T636,Dohnte Meyers,CIN,WR,-,-,-,-,,
T636,Bryant Mitchell,FA,WR,-,-,-,-,,
T636,Myron Mitchell,FA,WR,-,-,-,-,,
T636,Osirus Mitchell,FA,WR,-,-,-,-,,
T636,Steven Mitchell,FA,WR,-,-,-,-,,
441,D.J. Montgomery,IND,WR,354.70,-,354.70,-,,
T636,Tyren Montgomery,TEN,WR,-,-,-,532.50,,
T636,Alonzo Moore,FA,WR,-,-,-,-,,
T636,Chris Moore,BAL,WR,-,-,-,-,,
T636,David Moore,CAR,WR,-,-,-,-,,
T636,Elijah Moore,PHI,WR,-,-,-,-,,
T636,Jason Moore,FA,WR,-,-,-,-,,
T636,Jaylon Moore,FA,WR,-,-,-,-,,
T636,Dante Pettis,BUF,WR,-,-,-,-,,
T636,Kyle Philips,FA,WR,-,-,-,-,,
T636,Whop Philyor,FA,WR,-,-,-,-,,
T636,Bryce Oliver,TEN,WR,-,-,-,-,,
T636,Gunner Olszewski,NYG,WR,-,-,-,-,IR,Achilles
T636,K.J. Osborn,TEN,WR,-,-,-,-,,
T636,Coleman Owen,IND,WR,-,-,-,-,,
T636,Rashod Owens,FA,WR,-,-,-,-,,
T636,Terique Owens,FA,WR,-,-,-,-,,
T636,Marchie Murdock,FA,WR,-,-,-,-,,
T636,Jonathan Mingo,DAL,WR,-,-,-,-,,
531,Samson Nacua,FA,WR,401.50,-,401.50,-,,
T636,Tejhaun Palmer,NE,WR,-,-,-,-,,
597,Trey Palmer,NO,WR,538.80,-,538.80,541.50,,
T636,Eli Pancol,IND,WR,-,-,-,-,,
T636,Aaron Parker,FA,WR,-,-,-,-,,
T636,DeVante Parker,FA,WR,-,-,-,-,,
T636,Landon Parker,FA,WR,-,-,-,-,,
T636,Zach Pascal,FA,WR,-,-,-,-,,
T636,Dezmon Patmon,FA,WR,-,-,-,-,,
T636,Tim Patrick,NYJ,WR,-,-,-,-,,
T636,Ben Patterson,FA,WR,-,-,-,-,,
T636,Damoun Patterson,FA,WR,-,-,-,-,,
T636,Dean Patterson,TB,WR,-,-,-,-,,
T636,Neil Pau'u,FA,WR,-,-,-,-,,
T636,Will Pauling,SF,WR,-,-,-,-,,
T636,JaVonta Payton,FA,WR,-,-,-,-,,
279,Ricky Pearsall,SF,WR,220.60,-,220.60,129.70,IR,Knee - PCL
486,Josh Pearson,FA,WR,377.00,-,377.00,-,,
T636,Trebor Pena,JAX,WR,-,-,-,408.70,,
T636,Donovan Peoples-Jones,FA,WR,-,-,-,-,,
T636,Breshad Perriman,FA,WR,-,-,-,-,,
T636,Wayne Ruby,FA,WR,-,-,-,-,,
T636,Corey Rucker,LV,WR,-,-,-,-,IR,Undisclosed
T636,Trayvon Rudolph,MIN,WR,-,-,-,-,,
430,Henry Ruggs,FA,WR,349.30,-,349.30,440.80,,
T636,Jonathon Rumph,FA,WR,-,-,-,-,,
T636,Xavier Rush,FA,WR,-,-,-,-,,
T636,Malik Rutherford,FA,WR,-,-,-,-,,
T636,Sean Ryan,FA,WR,-,-,-,-,,
T636,Tavonn Salter,FA,WR,-,-,-,-,,
T636,Jalen Sample,FA,WR,-,-,-,-,,
T636,Curtis Samuel,FA,WR,-,-,-,-,,
T636,Stephon Robinson,FA,WR,-,-,-,-,,
T636,A.J. Richardson,FA,WR,-,-,-,-,,
T636,JP Richardson,CHI,WR,-,-,-,-,,
T636,Braylon Sanders,FA,WR,-,-,-,-,,
T636,Marcus Sanders,MIN,WR,-,-,-,-,,
T416,Mohamed Sanu,FA,WR,341.50,-,341.50,465.00,,
T636,Riley Ridley,FA,WR,-,-,-,-,,
T636,Brian Riley,FA,WR,-,-,-,-,,
T636,Marcus Riley,FA,WR,-,-,-,-,,
T636,Sean Riley,FA,WR,-,-,-,-,,
T636,Eric Rivers,TB,WR,-,-,-,411.10,,
T636,Jaquarii Roberson,FA,WR,-,-,-,-,,
T636,Reggie Roberson,FA,WR,-,-,-,-,,
T636,Andre Roberts,FA,WR,-,-,-,-,,
T636,Chase Roberts,LV,WR,-,-,-,-,,
T400,Demetris Robertson,FA,WR,333.00,-,333.00,-,,
T636,Allen Robinson,FA,WR,-,-,-,-,,
T636,Rashad Rochelle,SEA,WR,-,-,-,-,,
T636,Amari Rodgers,FA,WR,-,-,-,-,,
T636,Chester Rogers,FA,WR,-,-,-,-,,
T636,Marcus Rosemy-Jacksaint,FA,WR,-,-,-,-,,
T636,Cameron Ross,DEN,WR,-,-,-,-,,
T636,Devin Ross,FA,WR,-,-,-,-,,
T636,Devonte Ross,LAC,WR,-,-,-,-,,
T636,John Ross,FA,WR,-,-,-,-,,
T636,Justyn Ross,FA,WR,-,-,-,-,,
T636,Marvelle Ross,FA,WR,-,-,-,-,,
T636,Kyrese Rowan,DEN,WR,-,-,-,-,,
T636,Josh Reynolds,FA,WR,-,-,-,-,,
T636,Brenden Rice,FA,WR,-,-,-,-,Ques,Undisclosed
T636,Praise Olatoke,FA,WR,-,-,-,-,,
T636,Joe Reed,FA,WR,-,-,-,-,,
T636,Louis Rees-Zammit,FA,WR,-,-,-,-,,
T636,Nikko Remigio,KC,WR,-,-,-,-,,
T636,Hunter Renfrow,FA,WR,-,-,-,-,,
T636,Jalen Reagor,MIA,WR,-,-,-,-,,
593,Brock Rechsteiner,NO,WR,520.80,-,520.80,-,Reserve-Sus,Suspension
T636,Ja'Seem Reed,CAR,WR,-,-,-,-,,
349,Kalil Pimpleton,FA,WR,301.50,-,301.50,-,,
T636,Sam Pinckney,FA,WR,-,-,-,-,,
T636,John Rhys Plumlee,FA,WR,-,-,-,-,,
T636,Ja'Lynn Polk,NO,WR,-,-,-,-,Reserve-Ret,Undisclosed
T636,Makai Polk,FA,WR,-,-,-,-,,
T636,Brandon Powell,FA,WR,-,-,-,-,,
T636,Cornell Powell,PIT,WR,-,-,-,-,,
T636,Kaden Prather,GB,WR,-,-,-,-,,
T636,Kobe Prentice,NE,WR,-,-,-,-,,
T636,Brennan Presley,LAR,WR,-,-,-,-,,
T636,Hal Presley,FA,WR,-,-,-,-,,
T636,Myles Price,MIN,WR,-,-,-,-,,
T636,Darius Prince,FA,WR,-,-,-,-,,
T636,Byron Pringle,FA,WR,-,-,-,-,,
T636,Jamaal Pritchett,NYJ,WR,-,-,-,-,,
T636,James Proche,FA,WR,-,-,-,-,,
T636,Blake Proehl,FA,WR,-,-,-,-,,
T636,Kendric Pryor,CIN,WR,-,-,-,-,,
T636,Trey Quinn,FA,WR,-,-,-,-,,
T636,Charleston Rambo,FA,WR,-,-,-,-,,
615,Jalin Hyatt,NYG,WR,602.80,-,602.80,505.80,Ques,Leg
T636,Ishmael Hyman,FA,WR,-,-,-,-,,
T636,Josh Imatorbhebhe,FA,WR,-,-,-,-,,
T636,Van Jefferson,WAS,WR,-,-,-,-,,
T636,Jaray Jenkins,FA,WR,-,-,-,-,,
T636,Gary Jennings,FA,WR,-,-,-,-,,
T636,Dennis Houston,TB,WR,-,-,-,-,,
T636,Alton Howard,FA,WR,-,-,-,-,,
T636,Jordan Hudson,DAL,WR,-,-,-,501.50,,
T636,Kobe Hudson,FA,WR,-,-,-,-,,
T636,Kyron Hudson,CHI,WR,-,-,-,-,IR,Undisclosed
T636,Tyler Hudson,FA,WR,-,-,-,-,,
456,Lil'Jordan Humphrey,DEN,WR,362.00,-,362.00,-,,
T636,Adam Humphries,FA,WR,-,-,-,-,,
T636,John Jiles,FA,WR,-,-,-,-,Ques,Undisclosed
T636,Bisi Johnson,FA,WR,-,-,-,-,,
T636,Brandon Johnson,LV,WR,-,-,-,-,,
T636,Braydon Johnson,FA,WR,-,-,-,-,,
T636,Cade Johnson,FA,WR,-,-,-,-,,
575,Cephus Johnson,FA,WR,461.50,-,461.50,-,,
T636,Collin Johnson,FA,WR,-,-,-,-,,
T636,Cornelius Johnson,BAL,WR,-,-,-,-,,
T636,Diontae Johnson,FA,WR,-,-,-,-,,
T636,Jamel Johnson,FA,WR,-,-,-,-,,
T636,Jaylen Johnson,FA,WR,-,-,-,-,,
T636,Johnny Johnson,FA,WR,-,-,-,-,,
T636,Josh Johnson,FA,WR,-,-,-,-,,
T636,Kameron Johnson,TB,WR,-,-,-,-,,
T636,KeeSean Johnson,FA,WR,-,-,-,-,,
T636,Kisean Johnson,GB,WR,-,-,-,-,,
T636,Leon Johnson,FA,WR,-,-,-,-,,
T636,Marcus Johnson,FA,WR,-,-,-,-,,
T636,Tyler Johnson,DAL,WR,-,-,-,-,,
T636,Willie Johnson,FA,WR,-,-,-,-,,
T636,Xavier Johnson,CIN,WR,-,-,-,-,,
T636,JJ Laap,FA,WR,-,-,-,-,,
T636,Aaron Lacombe,FA,WR,-,-,-,-,,
T636,Caullin Lacy,NYJ,WR,-,-,-,511.00,,
T636,Chris Lacy,FA,WR,-,-,-,-,,
T636,Jontre Kirklin,FA,WR,-,-,-,-,,
T636,Keith Kirkwood,FA,WR,-,-,-,-,,
T636,Shaleak Knotts,FA,WR,-,-,-,-,,
T636,Malik Knowles,FA,WR,-,-,-,-,,
T636,Tanner Knue,FA,WR,-,-,-,-,,
T636,J.J. Koski,FA,WR,-,-,-,-,,
T636,Jake Kumerow,FA,WR,-,-,-,-,,
T636,Charlie Jones,CIN,WR,-,-,-,-,,
T636,J.J. Jones,FA,WR,-,-,-,-,,
T636,Jacoby Jones,WAS,WR,-,-,-,-,,
T636,Jeshaun Jones,MIN,WR,-,-,-,-,,
620,Julio Jones,FA,WR,611.50,-,611.50,500.00,,
T636,Latreal Jones,FA,WR,-,-,-,-,,
T636,Malachi Jones,FA,WR,-,-,-,-,,
330,Marvin Jones,FA,WR,289.50,-,289.50,-,,
T636,Tim Jones,JAX,WR,-,-,-,-,,
T636,Zay Jones,FA,WR,-,-,-,-,,
T636,Travis Jonsen,FA,WR,-,-,-,-,,
T636,Lamar Jordan,FA,WR,-,-,-,-,,
T636,Tyler Kahmann,FA,WR,-,-,-,-,,
T636,Jerome Kapp,FA,WR,-,-,-,-,,
T636,Kevin Kassis,FA,WR,-,-,-,556.00,,
T636,Kolbe Katsis,DEN,WR,-,-,-,-,,
T636,Jakobie Keeney-James,PIT,WR,-,-,-,-,,
T636,Josh Kelly,HOU,WR,-,-,-,-,,
T636,Omari Kelly,CHI,WR,-,-,-,-,,
T636,Marcus Kemp,FA,WR,-,-,-,-,,
T636,Tom Kennedy,DET,WR,-,-,-,-,,
T636,Dane Key,DEN,WR,-,-,-,380.50,,
T636,Lawrence Keys,FA,WR,-,-,-,-,Ques,Leg
T636,Ramel Keyton,FA,WR,-,-,-,-,,
T636,Jimmy Kibble,NE,WR,-,-,-,-,IR,Undisclosed
T636,Chris King,FA,WR,-,-,-,-,,
T636,Johnny King,FA,WR,-,-,-,-,,
T636,Mason Kinsey,TEN,WR,-,-,-,-,,
T636,Jerome Lane,FA,WR,-,-,-,-,,
T636,Gage Larvadain,CLE,WR,-,-,-,-,,
T636,Darius Lassiter,FA,WR,-,-,-,-,,
T636,Kwamie Lassiter,FA,WR,-,-,-,-,,
T636,Kendrick Law,DET,WR,-,-,-,-,IR,Knee - ACL
T636,Kenny Lawler,FA,WR,-,-,-,-,,
T636,Allen Lazard,FA,WR,-,-,-,-,,
T636,Shane Leatherbury,FA,WR,-,-,-,-,,
T636,Peter LeBlanc,FA,WR,-,-,-,-,,
T636,Ed Lee,FA,WR,-,-,-,-,,
T636,Jay Lee,FA,WR,-,-,-,-,,
459,Montana Lemonious-Craig,FA,WR,363.00,-,363.00,-,Ques,Lower Body
T636,Lance Lenoir,FA,WR,-,-,-,-,,
T636,Landon Lenoir,FA,WR,-,-,-,-,,
T636,Brandon Lewis,FA,WR,-,-,-,547.50,,
T636,Robert Lewis,FA,WR,-,-,-,-,,
T636,Tommylee Lewis,FA,WR,-,-,-,-,,
T636,Talolo Limu-Jones,FA,WR,-,-,-,-,,
T636,Tyjon Lindsey,FA,WR,-,-,-,-,,
T636,Henry Litwin,FA,WR,-,-,-,-,,
T636,Johnathan Lloyd,FA,WR,-,-,-,-,,
407,Tyler Lockett,FA,WR,336.00,-,336.00,-,,
T636,Justin Lockhart,FA,WR,-,-,-,-,,
T636,Kai Locksley,FA,WR,-,-,-,-,,
T636,DaMarkus Lodge,FA,WR,-,-,-,-,,
T636,Dominic Lovett,DET,WR,-,-,-,-,,
T636,Xavier Loyd,KC,WR,-,-,-,-,,
T636,T.J. Luther,FA,WR,-,-,-,-,,
T636,Phil Lutz,FA,WR,-,-,-,-,,
T636,Garett Maag,FA,WR,-,-,-,-,,
T636,Austin Mack,FA,WR,-,-,-,-,,
T636,Taysir Mack,FA,WR,-,-,-,-,,
T636,Ja'Mori Maclin,BUF,WR,-,-,-,-,,
T636,Josh Malone,FA,WR,-,-,-,-,,
T636,Zay Malone,FA,WR,-,-,-,-,,
T636,Joseph Manjack,DEN,WR,-,-,-,-,,
T636,Zimari Manning,FA,WR,-,-,-,-,,
T636,Keelan Marion,ATL,WR,-,-,-,495.00,,
T636,Gabe Marks,FA,WR,-,-,-,-,,
T636,Justin Marshall,FA,WR,-,-,-,-,,
T636,Terrace Marshall,MIA,WR,-,-,-,-,,
T636,Oliver Martin,FA,WR,-,-,-,-,,
T636,Tay Martin,DET,WR,-,-,-,-,,
T636,Jesse Matthews,FA,WR,-,-,-,-,,
T636,K.J. Maye,FA,WR,-,-,-,-,,
T636,Jamoi Mayes,FA,WR,-,-,-,-,,
T636,Tyreik McAllister,FA,WR,-,-,-,-,,
T636,Nate McCollum,FA,WR,-,-,-,-,,
T636,Racey McMath,FA,WR,-,-,-,-,,
T636,Bub Means,NO,WR,-,-,-,483.50,,
570,Malick Meiga,FA,WR,449.00,-,449.00,-,Ques,Undisclosed
T636,Tommy Mellott,FA,WR,-,-,-,-,,
T636,Bo Melton,GB,WR,-,-,-,-,,
T636,Marken Michel,FA,WR,-,-,-,-,,
T636,Jaydon Mickens,FA,WR,-,-,-,-,,
T636,Anthony Miller,FA,WR,-,-,-,-,,
T636,Dorren Miller,FA,WR,-,-,-,-,,
T636,Dre Miller,FA,WR,-,-,-,-,,
T636,Dymere Miller,FA,WR,-,-,-,-,,
T636,Ryan Miller,NYG,WR,-,-,-,-,,
T636,Scotty Miller,CHI,WR,-,-,-,-,,
T636,Dax Milne,FA,WR,-,-,-,-,,
T636,Denzel Mims,DAL,WR,-,-,-,-,,
T636,Max Hurleman,PIT,WR,-,-,-,-,,
T636,Malik McClain,NYJ,WR,-,-,-,-,,
T636,Jalen McCleskey,FA,WR,-,-,-,-,,
500,Matt Landers,FA,WR,383.50,-,383.50,-,,
T636,Jarvis Landry,FA,WR,-,-,-,-,,
T636,Donaven McCulley,MIA,WR,-,-,-,-,,
T636,Lance McCutcheon,TEN,WR,-,-,-,552.00,,
T636,Ryan McDaniel,FA,WR,-,-,-,-,,
T636,Cade McDonald,FA,WR,-,-,-,-,,
T636,Alex McGough,FA,WR,-,-,-,-,,
T636,Kyric McGowan,FA,WR,-,-,-,-,,
T636,Mekale McKay,FA,WR,-,-,-,-,,
T636,Isaiah McKenzie,FA,WR,-,-,-,-,,
T636,Javon McKinley,FA,WR,-,-,-,-,,
T636,Ishmael Zamora,FA,WR,-,-,-,-,,
T636,Isaiah Zuber,FA,WR,-,-,-,-,,
T636,Brandon Zylstra,FA,WR,-,-,-,-,,
T636,Dante Wright,FA,WR,-,-,-,-,,
T636,Isaiah Wright,FA,WR,-,-,-,-,,
T636,Shae Wyatt,FA,WR,-,-,-,-,,
T636,Luke Wysong,FA,WR,-,-,-,-,Ques,Undisclosed
T636,Javon Wims,FA,WR,-,-,-,-,,
T636,Juwann Winfree,HOU,WR,-,-,-,-,,
T636,Lujuan Winningham,FA,WR,-,-,-,-,,
T636,Isaiah Winstead,PIT,WR,-,-,-,-,,
T636,Easop Winston,FA,WR,-,-,-,-,,
T636,Isaiah Wooden,FA,WR,-,-,-,-,,
T636,Michael Woods,FA,WR,-,-,-,-,Ques,Leg
T636,Robert Woods,LAR,WR,-,-,-,-,Reserve-Ret,Undisclosed
T636,Michael Wortham,JAX,WR,-,-,-,-,,
T636,Cam Worthy,FA,WR,-,-,-,-,,
T636,Sam Wiglusz,FA,WR,-,-,-,-,,
T636,Kristian Wilkerson,ATL,WR,-,-,-,-,,
326,Ontaria Wilson,FA,WR,285.00,-,285.00,-,,
T636,Johnny Wilson,PHI,WR,-,-,-,418.00,,
T636,Kole Wilson,CLE,WR,-,-,-,-,,
T636,Malik Williams,FA,WR,-,-,-,-,,
T636,Mario Williams,LAR,WR,-,-,-,-,,
T636,Mike Williams,LAC,WR,-,-,-,-,Reserve-Ex,Undisclosed
T636,Nick Williams,FA,WR,-,-,-,-,,
T636,Preston Williams,FA,WR,-,-,-,-,,
T636,Seth Williams,FA,WR,-,-,-,-,,
T636,Derrick Willies,FA,WR,-,-,-,-,,
T636,Albert Wilson,FA,WR,-,-,-,-,,
T636,Bobo Wilson,FA,WR,-,-,-,-,,
T636,Keric Wheatfall,FA,WR,-,-,-,559.50,,
T636,Cody White,SEA,WR,-,-,-,-,,
T636,Kevin White,FA,WR,-,-,-,-,,
T636,Papi White,FA,WR,-,-,-,-,,
T636,Reggie White,FA,WR,-,-,-,-,,
T636,Ricky White,SEA,WR,-,-,-,-,,
T636,Squirrel White,CHI,WR,-,-,-,-,Reserve-Ret,Undisclosed
T636,Xavier White,FA,WR,-,-,-,-,,
T636,Xavier Weaver,ARI,WR,-,-,-,-,Ques,Concussion
T636,Jeremiah Webb,NE,WR,-,-,-,-,IR,Arm
T636,Joe Webb,FA,WR,-,-,-,-,,
T636,Raleigh Webb,FA,WR,-,-,-,-,,
T636,Nsimba Webster,FA,WR,-,-,-,-,,
T636,Connor Wedington,FA,WR,-,-,-,-,,
412,Jeff Weimer,KC,WR,339.00,-,339.00,-,,
T636,Juice Wells,ATL,WR,-,-,-,-,,
T636,Levi Wentz,PIT,WR,-,-,-,-,,
T636,Antoine Wesley,FA,WR,-,-,-,-,,
T636,Dede Westbrook,FA,WR,-,-,-,-,,
372,LaJohntay Wester,BAL,WR,319.00,-,319.00,-,,
T636,Jordan Westerkamp,FA,WR,-,-,-,-,,
T636,Braxton Westfield,FA,WR,-,-,-,-,,
T636,Isaiah Weston,FA,WR,-,-,-,-,,
T636,Quez Watkins,PHI,WR,-,-,-,-,,
T636,Sammy Watkins,FA,WR,-,-,-,-,,
T636,Avery Williams,FA,WR,-,-,-,-,,
T636,C.J. Williams,JAX,WR,-,-,-,-,,
T636,Devon Williams,FA,WR,-,-,-,-,,
T636,E.J. Williams,LV,WR,-,-,-,-,,
T636,Jimmy Williams,FA,WR,-,-,-,-,,
T636,Julian Williams,FA,WR,-,-,-,-,,
T636,Ke'Shawn Williams,CIN,WR,-,-,-,-,,
T636,Dareke Young,LV,WR,-,-,-,-,,
T636,Michael Young,FA,WR,-,-,-,-,,
T636,Brandon Shippen,FA,WR,-,-,-,-,,
T636,Noah Short,FA,WR,-,-,-,-,,
567,Justin Shorter,LV,WR,442.00,-,442.00,-,IR,Undisclosed
T636,Valdez Showers,FA,WR,-,-,-,-,,
T636,David Sills,TB,WR,-,-,-,-,,
T636,T.J. Simmons,FA,WR,-,-,-,-,,
T636,Tyler Simmons,FA,WR,-,-,-,-,,
T636,Marcus Simms,FA,WR,-,-,-,-,,
T636,Cam Sims,FA,WR,-,-,-,-,,
T636,Steven Sims,FA,WR,-,-,-,-,,
T636,Dorian Singer,FA,WR,-,-,-,-,,
T636,Quentin Skinner,BUF,WR,-,-,-,-,,
T636,Quincy Skinner,NYJ,WR,-,-,-,-,,
T636,Ben Skowronek,PIT,WR,-,-,-,-,,
T636,Matthew Slater,FA,WR,-,-,-,-,,
T636,Bud Sasser,FA,WR,-,-,-,-,,
T636,C.J. Saunders,FA,WR,-,-,-,-,,
T636,Treyvhon Saunders,HOU,WR,-,-,-,-,,
T636,Savon Scarver,FA,WR,-,-,-,-,,
T636,Joseph Scates,FA,WR,-,-,-,-,,
T636,Sam Schnee,FA,WR,-,-,-,-,,
T636,Dalton Schoen,FA,WR,-,-,-,-,,
T636,Anthony Schwartz,FA,WR,-,-,-,-,,
T636,Da'Mari Scott,FA,WR,-,-,-,-,,
T636,Gee Scott,FA,WR,-,-,-,-,Ques,Undisclosed
594,Ty Scott,FA,WR,530.80,-,530.80,538.00,,
611,Tyler Scott,LAR,WR,593.70,-,593.70,545.00,,
T636,Mathew Sexton,FA,WR,-,-,-,-,,
T636,Kevin Shaa,FA,WR,-,-,-,-,,
T636,Raylen Sharpe,IND,WR,-,-,-,-,,
T636,Tajae Sharpe,FA,WR,-,-,-,-,,
T636,Tyrell Shavers,BUF,WR,-,-,-,-,PUP-P,Knee - ACL
482,Damon Sheehy-Guiseppi,FA,WR,375.30,-,375.30,-,,
T636,Kyle Sheets,FA,WR,-,-,-,-,,
590,DT Sheffield,NYJ,WR,512.50,-,512.50,475.20,,
T636,TJ Sheffield,FA,WR,-,-,-,-,,
T636,Laviska Shenault,FA,WR,-,-,-,-,,
T636,Sterling Shepard,FA,WR,-,-,-,-,,
331,Will Sheppard,GB,WR,290.00,-,290.00,-,,
T636,Tyler Snead,FA,WR,-,-,-,-,,
T636,Willie Snead,FA,WR,-,-,-,-,,
T636,Daniel Sobkowicz,HOU,WR,-,-,-,-,,
T636,Jack Sorenson,FA,WR,-,-,-,-,,
T636,Diontae Spencer,FA,WR,-,-,-,-,,
T636,Derek Slywka,FA,WR,-,-,-,-,,
T636,Jared Smart,FA,WR,-,-,-,-,,
T636,Ainias Smith,FA,WR,-,-,-,-,Ques,Undisclosed
T636,Anthony Smith,DAL,WR,-,-,-,429.00,,
T636,Arian Smith,NYJ,WR,-,-,-,-,,
T636,Brandon Smith,PIT,WR,-,-,-,-,Ques,Undisclosed
T636,Jaden Smith,DAL,WR,-,-,-,-,,
T636,Jaylen Smith,FA,WR,-,-,-,-,,
T636,Jeret Smith,FA,WR,-,-,-,-,,
T636,Josh Smith,FA,WR,-,-,-,-,,
T636,Key'Shawn Smith,FA,WR,-,-,-,-,,
T636,Octavian Smith,BAL,WR,-,-,-,-,,
T636,Tre'Quan Smith,FA,WR,-,-,-,-,,
T636,Vyncint Smith,FA,WR,-,-,-,-,,
T636,Xavier Smith,LAR,WR,-,-,-,-,,
T636,Ihmir Smith-Marsette,ARI,WR,-,-,-,-,,
442,Damore'ea Stringfellow,FA,WR,355.00,-,355.00,-,,
448,J. Michael Sturdivant,GB,WR,358.00,-,358.00,-,,
T636,Justin Sumpter,FA,WR,-,-,-,-,,
343,Corey Sutton,FA,WR,298.50,-,298.50,-,,
T636,Freddie Swain,FA,WR,-,-,-,-,,
T636,Donte Sylencieux,FA,WR,-,-,-,-,,
T636,Auden Tate,FA,WR,-,-,-,-,,
T636,Equanimeous St. Brown,FA,WR,-,-,-,-,,
T636,Dimitri Stanley,FA,WR,-,-,-,-,,
T636,Rory Starkey,FA,WR,-,-,-,-,,
T636,Jerreth Sterns,FA,WR,-,-,-,-,,
T636,Marquez Stevenson,FA,WR,-,-,-,-,,
T636,Kenny Stills,FA,WR,-,-,-,-,,
T636,Dillon Stoner,FA,WR,-,-,-,-,,
T636,Drake Stoops,FA,WR,-,-,-,-,,
T636,Eli Stove,FA,WR,-,-,-,-,,
T636,Mike Strachan,FA,WR,-,-,-,-,,
T636,Josh Vann,FA,WR,-,-,-,-,,
T636,T.J. Vasher,FA,WR,-,-,-,-,,
T636,Tyler Vaughns,FA,WR,-,-,-,-,,
T636,Jordan Veasy,FA,WR,-,-,-,-,,
T636,Chris Tyree,FA,WR,-,-,-,-,,
T636,Binjimen Victor,FA,WR,-,-,-,-,,
T636,Lincoln Victor,FA,WR,-,-,-,-,,
T636,Jalen Virgil,FA,WR,-,-,-,-,Ques,Undisclosed
566,Reggie Virgil,ARI,WR,440.70,-,440.70,367.10,,
T636,Xavier Ubosi,FA,WR,-,-,-,-,,
T636,John Ursua,FA,WR,-,-,-,-,,
T636,Dayton Wade,BAL,WR,-,-,-,-,Ques,Undisclosed
T636,Derel Walker,FA,WR,-,-,-,-,,
T636,Joe Walker,FA,WR,-,-,-,-,,
T636,Tre Walker,FA,WR,-,-,-,-,,
T636,Harrison Wallace,ARI,WR,-,-,-,-,,
T636,Tylan Wallace,CLE,WR,-,-,-,-,,
T636,David Wallis,FA,WR,-,-,-,-,,
T636,Jalen Walthall,FA,WR,-,-,-,-,Ques,Undisclosed
T636,Greg Ward,FA,WR,-,-,-,-,,
T636,JoJo Ward,FA,WR,-,-,-,-,,
T636,Kade Warner,FA,WR,-,-,-,-,,
T636,Casey Washington,CAR,WR,-,-,-,-,,
T636,Isaiah Washington,FA,WR,-,-,-,-,,
T636,James Washington,FA,WR,-,-,-,-,,
621,Montrell Washington,FA,WR,615.00,-,615.00,-,,
477,Tahj Washington,MIA,WR,372.00,-,372.00,-,,
T636,Austin Watkins,FA,WR,-,-,-,-,,
T636,Justin Watson,HOU,WR,-,-,-,-,,
T636,Duece Watts,FA,WR,-,-,-,-,,
T636,Jamarius Way,FA,WR,-,-,-,-,,
T410,Jalen Wayne,FA,WR,338.00,-,338.00,-,,
T636,Max Tomczak,BUF,WR,-,-,-,-,,
T636,Kadarius Toney,FA,WR,-,-,-,-,,
T636,Samori Toure,PHI,WR,-,-,-,-,,
T636,Austin Trammell,JAX,WR,-,-,-,-,,
T636,Laquon Treadwell,IND,WR,-,-,-,-,,
T636,Brycen Tremayne,CAR,WR,-,-,-,-,,
T636,Fred Trevillion,FA,WR,-,-,-,-,,
T636,Jamari Thrash,CLE,WR,-,-,-,-,IR,Undisclosed
T636,Cedric Tillman,CLE,WR,-,-,-,355.70,Ques,Undisclosed
T636,Mitchell Tinsley,CIN,WR,-,-,-,-,,
T636,Mason Tipton,NO,WR,-,-,-,-,PUP-P,Leg
T636,Travis Toivonen,FA,WR,-,-,-,-,,
T636,DJ Turner,FA,WR,-,-,-,-,Ques,Undisclosed
T636,Malik Turner,SF,WR,-,-,-,-,,
T636,Tre Turner,FA,WR,-,-,-,-,,
T636,Bryan Thompson,FA,WR,-,-,-,-,,
T636,Cody Thompson,FA,WR,-,-,-,-,,
T636,Keytaon Thompson,FA,WR,-,-,-,-,,
T636,Deven Thompkins,LV,WR,-,-,-,-,,
T636,Adam Thielen,MIN,WR,-,-,-,-,Reserve-Ret,Undisclosed
T636,De'Anthony Thomas,FA,WR,-,-,-,-,,
T636,Michael Thomas,FA,WR,-,-,-,-,,
T636,Noah Thomas,CIN,WR,-,-,-,341.90,,
T636,Noel Thomas,FA,WR,-,-,-,-,,
574,Thayer Thomas,FA,WR,459.00,-,459.00,-,,
T636,Golden Tate,FA,WR,-,-,-,-,,
506,Khalil Tate,FA,WR,386.00,-,386.00,-,,
T636,Blayne Taylor,FA,WR,-,-,-,-,,
T636,Malik Taylor,FA,WR,-,-,-,-,,
T636,Roc Taylor,CAR,WR,-,-,-,-,,
T636,Trent Taylor,FA,WR,-,-,-,-,,